,name,strand,Assay title,ontology_curie,biosample_name,biosample_type,biosample_life_stage,transcription_factor,data_source,endedness,genetically_modified,nonzero_mean
0,CL:0000062 TF ChIP-seq CTCF,.,TF ChIP-seq,CL:0000062,osteoblast,primary_cell,unknown,CTCF,encode,single,False,1.4646735191345215
1,CL:0000115 TF ChIP-seq CTCF,.,TF ChIP-seq,CL:0000115,endothelial cell,in_vitro_differentiated_cells,adult,CTCF,encode,single,False,0.8410728573799133
2,CL:0000127 TF ChIP-seq CTCF,.,TF ChIP-seq,CL:0000127,astrocyte,primary_cell,unknown,CTCF,encode,single,False,1.3933230638504028
3,CL:0000127 TF ChIP-seq EZH2,.,TF ChIP-seq,CL:0000127,astrocyte,primary_cell,unknown,EZH2,encode,single,False,0.9597448110580444
4,CL:0000137 TF ChIP-seq CTCF,.,TF ChIP-seq,CL:0000137,osteocyte,in_vitro_differentiated_cells,embryonic,CTCF,encode,single,False,0.8397707939147949
5,CL:0000138 TF ChIP-seq CTCF,.,TF ChIP-seq,CL:0000138,chondrocyte,in_vitro_differentiated_cells,embryonic,CTCF,encode,single,False,0.890338122844696
6,CL:0000169 TF ChIP-seq CTCF,.,TF ChIP-seq,CL:0000169,type B pancreatic cell,in_vitro_differentiated_cells,embryonic,CTCF,encode,single,False,0.8720378875732422
7,CL:0000182 TF ChIP-seq EZH2,.,TF ChIP-seq,CL:0000182,hepatocyte,in_vitro_differentiated_cells,embryonic,EZH2,encode,single,False,0.8334417343139648
8,CL:0000223 TF ChIP-seq CTCF,.,TF ChIP-seq,CL:0000223,endodermal cell,in_vitro_differentiated_cells,embryonic,CTCF,encode,single,False,0.8123546838760376
9,CL:0000236 TF ChIP-seq CTCF,.,TF ChIP-seq,CL:0000236,B cell,primary_cell,adult,CTCF,encode,single,False,0.8002703189849854
10,CL:0000312 TF ChIP-seq CTCF,.,TF ChIP-seq,CL:0000312,keratinocyte,primary_cell,unknown,CTCF,encode,single,False,1.284648060798645
11,CL:0000312 TF ChIP-seq EZH2,.,TF ChIP-seq,CL:0000312,keratinocyte,primary_cell,unknown,EZH2,encode,single,False,0.9830278158187866
12,CL:0000515 TF ChIP-seq CTCF,.,TF ChIP-seq,CL:0000515,skeletal muscle myoblast,primary_cell,adult,CTCF,encode,single,False,1.5029479265213013
13,CL:0000623 TF ChIP-seq CTCF,.,TF ChIP-seq,CL:0000623,natural killer cell,primary_cell,adult,CTCF,encode,single,False,0.7805054783821106
14,CL:0000624 TF ChIP-seq CTCF,.,TF ChIP-seq,CL:0000624,"CD4-positive, alpha-beta T cell",primary_cell,adult,CTCF,encode,single,False,0.7936105728149414
15,CL:0000625 TF ChIP-seq CTCF,.,TF ChIP-seq,CL:0000625,"CD8-positive, alpha-beta T cell",primary_cell,adult,CTCF,encode,single,False,0.7929967045783997
16,CL:0000679 TF ChIP-seq CTCF,.,TF ChIP-seq,CL:0000679,glutamatergic neuron,in_vitro_differentiated_cells,adult,CTCF,encode,single,False,0.7829425930976868
17,"CL:0000679 TF ChIP-seq EGR1 male adult (30 years) genetically modified (insertion) using CRISPR targeting H. sapiens EGR1, genetically modified (insertion) using TALEN inserting M. musculus Neurog2",.,TF ChIP-seq,CL:0000679,glutamatergic neuron,in_vitro_differentiated_cells,unknown,EGR1,encode,paired,True,0.8382269144058228
18,"CL:0000679 TF ChIP-seq FOSL1 male adult (30 years) genetically modified (insertion) using CRISPR targeting H. sapiens FOSL1, genetically modified (insertion) using TALEN inserting M. musculus Neurog2",.,TF ChIP-seq,CL:0000679,glutamatergic neuron,in_vitro_differentiated_cells,unknown,FOSL1,encode,paired,True,0.8304189443588257
19,"CL:0000679 TF ChIP-seq ID3 male adult (30 years) genetically modified (insertion) using CRISPR targeting H. sapiens ID3, genetically modified (insertion) using TALEN inserting M. musculus Neurog2",.,TF ChIP-seq,CL:0000679,glutamatergic neuron,in_vitro_differentiated_cells,unknown,ID3,encode,paired,True,0.804589033126831
20,"CL:0000679 TF ChIP-seq TOX4 male adult (30 years) genetically modified (insertion) using CRISPR targeting H. sapiens TOX4, genetically modified (insertion) using TALEN inserting M. musculus Neurog2",.,TF ChIP-seq,CL:0000679,glutamatergic neuron,in_vitro_differentiated_cells,unknown,TOX4,encode,paired,True,0.8099984526634216
21,CL:0000706 TF ChIP-seq CTCF,.,TF ChIP-seq,CL:0000706,choroid plexus epithelial cell,primary_cell,unknown,CTCF,encode,single,False,1.1716891527175903
22,CL:0000746 TF ChIP-seq CTCF,.,TF ChIP-seq,CL:0000746,cardiac muscle cell,primary_cell,unknown,CTCF,encode,single,False,1.1875473260879517
23,CL:0000765 TF ChIP-seq POLR2A,.,TF ChIP-seq,CL:0000765,erythroblast,primary_cell,unknown,POLR2A,encode,single,False,0.7051907181739807
24,CL:0000775 TF ChIP-seq CTCF,.,TF ChIP-seq,CL:0000775,neutrophil,primary_cell,unknown,CTCF,encode,single,False,0.8925449848175049
25,CL:0001054 TF ChIP-seq CTCF,.,TF ChIP-seq,CL:0001054,CD14-positive monocyte,primary_cell,adult,CTCF,encode,single,False,0.818491518497467
26,CL:0002231 TF ChIP-seq CTCF,.,TF ChIP-seq,CL:0002231,epithelial cell of prostate,primary_cell,unknown,CTCF,encode,paired,False,0.8511254787445068
27,CL:0002306 TF ChIP-seq CTCF,.,TF ChIP-seq,CL:0002306,epithelial cell of proximal tubule,primary_cell,unknown,CTCF,encode,single,False,1.1598252058029175
28,CL:0002319 TF ChIP-seq CTCF,.,TF ChIP-seq,CL:0002319,neural cell,in_vitro_differentiated_cells,embryonic,CTCF,encode,paired,False,0.749674916267395
29,CL:0002319 TF ChIP-seq POLR2AphosphoS5,.,TF ChIP-seq,CL:0002319,neural cell,in_vitro_differentiated_cells,embryonic,POLR2AphosphoS5,encode,single,False,1.1463578939437866
30,CL:0002319 TF ChIP-seq RAD21,.,TF ChIP-seq,CL:0002319,neural cell,in_vitro_differentiated_cells,embryonic,RAD21,encode,paired,False,0.7380885481834412
31,CL:0002319 TF ChIP-seq REST,.,TF ChIP-seq,CL:0002319,neural cell,in_vitro_differentiated_cells,embryonic,REST,encode,single,False,0.9162198305130005
32,CL:0002319 TF ChIP-seq TAF1,.,TF ChIP-seq,CL:0002319,neural cell,in_vitro_differentiated_cells,embryonic,TAF1,encode,single,False,1.1392011642456055
33,CL:0002327 TF ChIP-seq CTCF,.,TF ChIP-seq,CL:0002327,mammary epithelial cell,primary_cell,unknown,CTCF,encode,single,False,1.2450836896896362
34,CL:0002327 TF ChIP-seq EZH2,.,TF ChIP-seq,CL:0002327,mammary epithelial cell,primary_cell,adult,EZH2,encode,single,False,0.8944395780563354
35,CL:0002328 TF ChIP-seq CTCF,.,TF ChIP-seq,CL:0002328,bronchial epithelial cell,primary_cell,unknown,CTCF,encode,single,False,3.005260705947876
36,CL:0002351 TF ChIP-seq CTCF,.,TF ChIP-seq,CL:0002351,progenitor cell of endocrine pancreas,in_vitro_differentiated_cells,embryonic,CTCF,encode,single,False,1.2307456731796265
37,CL:0002518 TF ChIP-seq CTCF,.,TF ChIP-seq,CL:0002518,kidney epithelial cell,primary_cell,unknown,CTCF,encode,single,False,2.4211244583129883
38,CL:0002547 TF ChIP-seq CTCF,.,TF ChIP-seq,CL:0002547,fibroblast of the aortic adventitia,primary_cell,unknown,CTCF,encode,single,False,1.274598240852356
39,CL:0002548 TF ChIP-seq CTCF,.,TF ChIP-seq,CL:0002548,cardiac fibroblast,primary_cell,adult,CTCF,encode,single,False,1.8718514442443848
40,CL:0002551 TF ChIP-seq CTCF,.,TF ChIP-seq,CL:0002551,fibroblast of dermis,primary_cell,unknown,CTCF,encode,single,False,1.3799303770065308
41,CL:0002553 TF ChIP-seq CTCF,.,TF ChIP-seq,CL:0002553,fibroblast of lung,primary_cell,adult,CTCF,encode,single,False,1.415972352027893
42,CL:0002555 TF ChIP-seq CTCF,.,TF ChIP-seq,CL:0002555,fibroblast of mammary gland,primary_cell,unknown,CTCF,encode,single,False,1.4035091400146484
43,CL:0002557 TF ChIP-seq CTCF,.,TF ChIP-seq,CL:0002557,fibroblast of pulmonary artery,primary_cell,unknown,CTCF,encode,single,False,1.0201530456542969
44,CL:0002558 TF ChIP-seq CTCF,.,TF ChIP-seq,CL:0002558,fibroblast of villous mesenchyme,primary_cell,unknown,CTCF,encode,single,False,1.4273262023925781
45,CL:0002586 TF ChIP-seq CTCF,.,TF ChIP-seq,CL:0002586,retinal pigment epithelial cell,primary_cell,unknown,CTCF,encode,single,False,1.1003386974334717
46,CL:0002606 TF ChIP-seq CTCF,.,TF ChIP-seq,CL:0002606,astrocyte of the spinal cord,primary_cell,unknown,CTCF,encode,single,False,1.3928760290145874
47,CL:0002618 TF ChIP-seq CTCF,.,TF ChIP-seq,CL:0002618,endothelial cell of umbilical vein,primary_cell,newborn,CTCF,encode,single,False,1.7536685466766357
48,CL:0002618 TF ChIP-seq FOS,.,TF ChIP-seq,CL:0002618,endothelial cell of umbilical vein,primary_cell,newborn,FOS,encode,single,False,0.8669484257698059
49,CL:0002618 TF ChIP-seq GATA2,.,TF ChIP-seq,CL:0002618,endothelial cell of umbilical vein,primary_cell,newborn,GATA2,encode,single,False,0.906671404838562
50,CL:0002618 TF ChIP-seq JUN,.,TF ChIP-seq,CL:0002618,endothelial cell of umbilical vein,primary_cell,newborn,JUN,encode,single,False,1.0919190645217896
51,CL:0002618 TF ChIP-seq MAX,.,TF ChIP-seq,CL:0002618,endothelial cell of umbilical vein,primary_cell,newborn,MAX,encode,single,False,1.7286514043807983
52,CL:0002618 TF ChIP-seq MYC,.,TF ChIP-seq,CL:0002618,endothelial cell of umbilical vein,primary_cell,newborn,MYC,encode,single,False,3.5041909217834473
53,CL:0002618 TF ChIP-seq POLR2A,.,TF ChIP-seq,CL:0002618,endothelial cell of umbilical vein,primary_cell,newborn,POLR2A,encode,single,False,0.8315737843513489
54,CL:0002618 TF ChIP-seq POLR2AphosphoS5,.,TF ChIP-seq,CL:0002618,endothelial cell of umbilical vein,primary_cell,newborn,POLR2AphosphoS5,encode,single,False,1.443261742591858
55,CL:0011012 TF ChIP-seq CTCF,.,TF ChIP-seq,CL:0011012,neural crest cell,in_vitro_differentiated_cells,embryonic,CTCF,encode,single,False,0.81313556432724
56,CL:0011019 TF ChIP-seq CTCF,.,TF ChIP-seq,CL:0011019,mesothelial cell of epicardium,in_vitro_differentiated_cells,embryonic,CTCF,encode,single,False,0.8631079792976379
57,CL:0011020 TF ChIP-seq CTCF,.,TF ChIP-seq,CL:0011020,neural progenitor cell,in_vitro_differentiated_cells,embryonic,CTCF,encode,single,False,0.7950738668441772
58,CL:0011020 TF ChIP-seq EZH2,.,TF ChIP-seq,CL:0011020,neural progenitor cell,in_vitro_differentiated_cells,embryonic,EZH2,encode,single,False,0.8302525281906128
59,CL:0011020 TF ChIP-seq EZH2phosphoT487,.,TF ChIP-seq,CL:0011020,neural progenitor cell,in_vitro_differentiated_cells,embryonic,EZH2phosphoT487,encode,single,False,0.8300772309303284
60,CL:1001606 TF ChIP-seq CTCF,.,TF ChIP-seq,CL:1001606,foreskin keratinocyte,primary_cell,newborn,CTCF,encode,paired,False,0.7444242238998413
61,CL:1001608 TF ChIP-seq CTCF,.,TF ChIP-seq,CL:1001608,foreskin fibroblast,primary_cell,newborn,CTCF,encode,single,False,2.1409077644348145
62,CL:2000044 TF ChIP-seq CTCF,.,TF ChIP-seq,CL:2000044,brain microvascular endothelial cell,primary_cell,unknown,CTCF,encode,single,False,1.4515867233276367
63,CLO:0021511 TF ChIP-seq CTCF,.,TF ChIP-seq,CLO:0021511,AG10803,cell_line,adult,CTCF,encode,single,False,0.9827740788459778
64,CLO:0021752 TF ChIP-seq CTCF,.,TF ChIP-seq,CLO:0021752,AG09309,cell_line,adult,CTCF,encode,single,False,1.4461826086044312
65,CLO:0021754 TF ChIP-seq CTCF,.,TF ChIP-seq,CLO:0021754,AG09319,cell_line,adult,CTCF,encode,single,False,1.1511443853378296
66,CLO:0034837 TF ChIP-seq CTCF,.,TF ChIP-seq,CLO:0034837,AG04449,cell_line,embryonic,CTCF,encode,single,False,1.4299365282058716
67,EFO:0001086 TF ChIP-seq BCL3,.,TF ChIP-seq,EFO:0001086,A549,cell_line,adult,BCL3,encode,single,False,0.802237331867218
68,EFO:0001086 TF ChIP-seq CEBPB,.,TF ChIP-seq,EFO:0001086,A549,cell_line,adult,CEBPB,encode,single,False,0.7535275816917419
69,EFO:0001086 TF ChIP-seq CTCF,.,TF ChIP-seq,EFO:0001086,A549,cell_line,adult,CTCF,encode,single,False,0.7353132963180542
70,EFO:0001086 TF ChIP-seq E2F6,.,TF ChIP-seq,EFO:0001086,A549,cell_line,adult,E2F6,encode,single,False,0.9695870876312256
71,EFO:0001086 TF ChIP-seq EP300,.,TF ChIP-seq,EFO:0001086,A549,cell_line,adult,EP300,encode,single,False,0.8210097551345825
72,EFO:0001086 TF ChIP-seq FOSL2,.,TF ChIP-seq,EFO:0001086,A549,cell_line,adult,FOSL2,encode,single,False,0.8825715184211731
73,EFO:0001086 TF ChIP-seq FOSL2 genetically modified (insertion) using CRISPR targeting H. sapiens FOSL2,.,TF ChIP-seq,EFO:0001086,A549,cell_line,adult,FOSL2,encode,paired,True,0.735476016998291
74,EFO:0001086 TF ChIP-seq FOXF2 genetically modified (insertion) using CRISPR targeting H. sapiens FOXF2,.,TF ChIP-seq,EFO:0001086,A549,cell_line,adult,FOXF2,encode,paired,True,0.7445882558822632
75,EFO:0001086 TF ChIP-seq GATA3,.,TF ChIP-seq,EFO:0001086,A549,cell_line,adult,GATA3,encode,single,False,0.8463173508644104
76,EFO:0001086 TF ChIP-seq HOXB5 genetically modified (insertion) using CRISPR targeting H. sapiens HOXB5,.,TF ChIP-seq,EFO:0001086,A549,cell_line,adult,HOXB5,encode,paired,True,0.7698033452033997
77,EFO:0001086 TF ChIP-seq JUN,.,TF ChIP-seq,EFO:0001086,A549,cell_line,adult,JUN,encode,single,False,0.7321662902832031
78,EFO:0001086 TF ChIP-seq JUNB,.,TF ChIP-seq,EFO:0001086,A549,cell_line,adult,JUNB,encode,single,False,0.7885547876358032
79,EFO:0001086 TF ChIP-seq MAFK,.,TF ChIP-seq,EFO:0001086,A549,cell_line,adult,MAFK,encode,paired,False,0.7966734170913696
80,EFO:0001086 TF ChIP-seq MAX,.,TF ChIP-seq,EFO:0001086,A549,cell_line,adult,MAX,encode,single,False,0.885604202747345
81,EFO:0001086 TF ChIP-seq MYC,.,TF ChIP-seq,EFO:0001086,A549,cell_line,adult,MYC,encode,single,False,0.9068970084190369
82,EFO:0001086 TF ChIP-seq NFE2L2,.,TF ChIP-seq,EFO:0001086,A549,cell_line,adult,NFE2L2,encode,single,False,0.9798657298088074
83,EFO:0001086 TF ChIP-seq NR3C1,.,TF ChIP-seq,EFO:0001086,A549,cell_line,adult,NR3C1,encode,single,False,0.8179261088371277
84,EFO:0001086 TF ChIP-seq NR5A2 genetically modified (insertion) using CRISPR targeting H. sapiens NR5A2,.,TF ChIP-seq,EFO:0001086,A549,cell_line,adult,NR5A2,encode,paired,True,0.7356920838356018
85,EFO:0001086 TF ChIP-seq PBX1 genetically modified (insertion) using CRISPR targeting H. sapiens PBX1,.,TF ChIP-seq,EFO:0001086,A549,cell_line,adult,PBX1,encode,paired,True,0.7502723932266235
86,EFO:0001086 TF ChIP-seq PBX3,.,TF ChIP-seq,EFO:0001086,A549,cell_line,adult,PBX3,encode,single,False,0.9672203063964844
87,EFO:0001086 TF ChIP-seq PHF8,.,TF ChIP-seq,EFO:0001086,A549,cell_line,adult,PHF8,encode,single,False,0.7930697202682495
88,EFO:0001086 TF ChIP-seq POLR2A,.,TF ChIP-seq,EFO:0001086,A549,cell_line,adult,POLR2A,encode,single,False,0.9411997199058533
89,EFO:0001086 TF ChIP-seq POLR2AphosphoS2,.,TF ChIP-seq,EFO:0001086,A549,cell_line,adult,POLR2AphosphoS2,encode,single,False,1.0521565675735474
90,EFO:0001086 TF ChIP-seq PRDM1 genetically modified (insertion) using CRISPR targeting H. sapiens PRDM1,.,TF ChIP-seq,EFO:0001086,A549,cell_line,adult,PRDM1,encode,paired,True,0.746936559677124
91,EFO:0001086 TF ChIP-seq RAD21,.,TF ChIP-seq,EFO:0001086,A549,cell_line,adult,RAD21,encode,single,False,0.947881281375885
92,EFO:0001086 TF ChIP-seq REST,.,TF ChIP-seq,EFO:0001086,A549,cell_line,adult,REST,encode,single,False,0.7862339615821838
93,EFO:0001086 TF ChIP-seq RFX5,.,TF ChIP-seq,EFO:0001086,A549,cell_line,adult,RFX5,encode,paired,False,0.8062434792518616
94,EFO:0001086 TF ChIP-seq SIN3A,.,TF ChIP-seq,EFO:0001086,A549,cell_line,adult,SIN3A,encode,paired,False,0.7901948094367981
95,EFO:0001086 TF ChIP-seq SMC3,.,TF ChIP-seq,EFO:0001086,A549,cell_line,adult,SMC3,encode,single,False,0.7338576316833496
96,EFO:0001086 TF ChIP-seq TEAD4,.,TF ChIP-seq,EFO:0001086,A549,cell_line,adult,TEAD4,encode,single,False,1.038738489151001
97,EFO:0001086 TF ChIP-seq USF2,.,TF ChIP-seq,EFO:0001086,A549,cell_line,adult,USF2,encode,paired,False,0.8009481430053711
98,EFO:0001086 TF ChIP-seq ZFP36,.,TF ChIP-seq,EFO:0001086,A549,cell_line,adult,ZFP36,encode,paired,False,0.8146527409553528
99,EFO:0001086 TF ChIP-seq ZNF624 genetically modified (insertion) using CRISPR targeting H. sapiens ZNF624,.,TF ChIP-seq,EFO:0001086,A549,cell_line,adult,ZNF624,encode,paired,True,0.7597917318344116
100,EFO:0001099 TF ChIP-seq CTCF,.,TF ChIP-seq,EFO:0001099,Caco-2,cell_line,adult,CTCF,encode,single,False,1.152646780014038
101,EFO:0001159 TF ChIP-seq CTCF,.,TF ChIP-seq,EFO:0001159,GM12872,cell_line,unknown,CTCF,encode,single,False,0.9930903911590576
102,EFO:0001160 TF ChIP-seq CTCF,.,TF ChIP-seq,EFO:0001160,GM12873,cell_line,unknown,CTCF,encode,single,False,1.3824414014816284
103,EFO:0001161 TF ChIP-seq CTCF,.,TF ChIP-seq,EFO:0001161,GM12874,cell_line,unknown,CTCF,encode,single,False,1.883349061012268
104,EFO:0001162 TF ChIP-seq CTCF,.,TF ChIP-seq,EFO:0001162,GM12875,cell_line,unknown,CTCF,encode,single,False,1.8309880495071411
105,EFO:0001182 TF ChIP-seq ATF2 genetically modified (insertion) using site-specific recombination targeting H. sapiens ATF2,.,TF ChIP-seq,EFO:0001182,HEK293,cell_line,embryonic,ATF2,encode,paired,True,0.837831974029541
106,EFO:0001182 TF ChIP-seq BCL11A genetically modified (insertion) using site-specific recombination targeting H. sapiens BCL11A,.,TF ChIP-seq,EFO:0001182,HEK293,cell_line,embryonic,BCL11A,encode,paired,True,0.8064991235733032
107,EFO:0001182 TF ChIP-seq BCL11B genetically modified (insertion) using site-specific recombination targeting H. sapiens BCL11B,.,TF ChIP-seq,EFO:0001182,HEK293,cell_line,embryonic,BCL11B,encode,paired,True,0.7877625823020935
108,EFO:0001182 TF ChIP-seq CTCF,.,TF ChIP-seq,EFO:0001182,HEK293,cell_line,embryonic,CTCF,encode,single,False,1.9868561029434204
109,EFO:0001182 TF ChIP-seq CTCF genetically modified (insertion) using site-specific recombination targeting H. sapiens CTCF,.,TF ChIP-seq,EFO:0001182,HEK293,cell_line,embryonic,CTCF,encode,paired,True,0.7689615488052368
110,EFO:0001182 TF ChIP-seq EGR2 genetically modified (insertion) using site-specific recombination targeting H. sapiens EGR2,.,TF ChIP-seq,EFO:0001182,HEK293,cell_line,embryonic,EGR2,encode,paired,True,0.942099392414093
111,EFO:0001182 TF ChIP-seq FEZF1 genetically modified (insertion) using site-specific recombination targeting H. sapiens FEZF1,.,TF ChIP-seq,EFO:0001182,HEK293,cell_line,embryonic,FEZF1,encode,paired,True,0.770540177822113
112,EFO:0001182 TF ChIP-seq GLIS1 genetically modified (insertion) using site-specific recombination targeting H. sapiens GLIS1,.,TF ChIP-seq,EFO:0001182,HEK293,cell_line,embryonic,GLIS1,encode,paired,True,0.7717919945716858
113,EFO:0001182 TF ChIP-seq GLIS2 genetically modified (insertion) using site-specific recombination targeting H. sapiens GLIS2,.,TF ChIP-seq,EFO:0001182,HEK293,cell_line,embryonic,GLIS2,encode,paired,True,0.7625502943992615
114,EFO:0001182 TF ChIP-seq HIC1 genetically modified (insertion) using site-specific recombination targeting H. sapiens HIC1,.,TF ChIP-seq,EFO:0001182,HEK293,cell_line,embryonic,HIC1,encode,paired,True,0.762137234210968
115,EFO:0001182 TF ChIP-seq HOXB7 genetically modified (insertion) using CRISPR targeting H. sapiens HOXB7,.,TF ChIP-seq,EFO:0001182,HEK293,cell_line,embryonic,HOXB7,encode,single,True,1.2918630838394165
116,EFO:0001182 TF ChIP-seq IKZF3 genetically modified (insertion) using site-specific recombination targeting H. sapiens IKZF3,.,TF ChIP-seq,EFO:0001182,HEK293,cell_line,embryonic,IKZF3,encode,paired,True,0.7938698530197144
117,EFO:0001182 TF ChIP-seq INSM2 genetically modified (insertion) using site-specific recombination targeting H. sapiens INSM2,.,TF ChIP-seq,EFO:0001182,HEK293,cell_line,embryonic,INSM2,encode,paired,True,0.7724045515060425
118,EFO:0001182 TF ChIP-seq KLF1 genetically modified (insertion) using site-specific recombination targeting H. sapiens KLF1,.,TF ChIP-seq,EFO:0001182,HEK293,cell_line,embryonic,KLF1,encode,paired,True,0.7646961212158203
119,EFO:0001182 TF ChIP-seq KLF10 genetically modified (insertion) using site-specific recombination targeting H. sapiens KLF10,.,TF ChIP-seq,EFO:0001182,HEK293,cell_line,embryonic,KLF10,encode,paired,True,0.7773643136024475
120,EFO:0001182 TF ChIP-seq KLF16 genetically modified (insertion) using site-specific recombination targeting H. sapiens KLF16,.,TF ChIP-seq,EFO:0001182,HEK293,cell_line,embryonic,KLF16,encode,paired,True,0.778775155544281
121,EFO:0001182 TF ChIP-seq KLF17 genetically modified (insertion) using site-specific recombination targeting H. sapiens KLF17,.,TF ChIP-seq,EFO:0001182,HEK293,cell_line,embryonic,KLF17,encode,paired,True,0.7642236351966858
122,EFO:0001182 TF ChIP-seq KLF7 genetically modified (insertion) using site-specific recombination targeting H. sapiens KLF7,.,TF ChIP-seq,EFO:0001182,HEK293,cell_line,embryonic,KLF7,encode,paired,True,0.7775574326515198
123,EFO:0001182 TF ChIP-seq KLF8 genetically modified (insertion) using site-specific recombination targeting H. sapiens KLF8,.,TF ChIP-seq,EFO:0001182,HEK293,cell_line,embryonic,KLF8,encode,paired,True,0.7804300785064697
124,EFO:0001182 TF ChIP-seq KLF9 genetically modified (insertion) using site-specific recombination targeting H. sapiens KLF9,.,TF ChIP-seq,EFO:0001182,HEK293,cell_line,embryonic,KLF9,encode,paired,True,0.7762227058410645
125,EFO:0001182 TF ChIP-seq MAZ genetically modified (insertion) using site-specific recombination targeting H. sapiens MAZ,.,TF ChIP-seq,EFO:0001182,HEK293,cell_line,embryonic,MAZ,encode,paired,True,0.7620867490768433
126,EFO:0001182 TF ChIP-seq MZF1 genetically modified (insertion) using site-specific recombination targeting H. sapiens MZF1,.,TF ChIP-seq,EFO:0001182,HEK293,cell_line,embryonic,MZF1,encode,paired,True,0.7765515446662903
127,EFO:0001182 TF ChIP-seq OSR2 genetically modified (insertion) using site-specific recombination targeting H. sapiens OSR2,.,TF ChIP-seq,EFO:0001182,HEK293,cell_line,embryonic,OSR2,encode,paired,True,0.7826107740402222
128,EFO:0001182 TF ChIP-seq PATZ1 genetically modified (insertion) using site-specific recombination targeting H. sapiens PATZ1,.,TF ChIP-seq,EFO:0001182,HEK293,cell_line,embryonic,PATZ1,encode,paired,True,0.748282253742218
129,EFO:0001182 TF ChIP-seq PBX3 genetically modified (insertion) using CRISPR targeting H. sapiens PBX3,.,TF ChIP-seq,EFO:0001182,HEK293,cell_line,embryonic,PBX3,encode,single,True,0.9701140522956848
130,EFO:0001182 TF ChIP-seq PRDM1 genetically modified (insertion) using site-specific recombination targeting H. sapiens PRDM1,.,TF ChIP-seq,EFO:0001182,HEK293,cell_line,embryonic,PRDM1,encode,paired,True,0.7565638422966003
131,EFO:0001182 TF ChIP-seq PRDM10 genetically modified (insertion) using site-specific recombination targeting H. sapiens PRDM10,.,TF ChIP-seq,EFO:0001182,HEK293,cell_line,embryonic,PRDM10,encode,paired,True,0.7495290637016296
132,EFO:0001182 TF ChIP-seq PRDM4 genetically modified (insertion) using site-specific recombination targeting H. sapiens PRDM4,.,TF ChIP-seq,EFO:0001182,HEK293,cell_line,embryonic,PRDM4,encode,paired,True,0.7826750874519348
133,EFO:0001182 TF ChIP-seq PRDM6 genetically modified (insertion) using site-specific recombination targeting H. sapiens PRDM6,.,TF ChIP-seq,EFO:0001182,HEK293,cell_line,embryonic,PRDM6,encode,paired,True,0.8096958994865417
134,EFO:0001182 TF ChIP-seq REST genetically modified (insertion) using site-specific recombination targeting H. sapiens REST,.,TF ChIP-seq,EFO:0001182,HEK293,cell_line,embryonic,REST,encode,paired,True,0.7782301306724548
135,EFO:0001182 TF ChIP-seq SCRT1 genetically modified (insertion) using site-specific recombination targeting H. sapiens SCRT1,.,TF ChIP-seq,EFO:0001182,HEK293,cell_line,embryonic,SCRT1,encode,paired,True,0.7717620730400085
136,EFO:0001182 TF ChIP-seq SCRT2 genetically modified (insertion) using site-specific recombination targeting H. sapiens SCRT2,.,TF ChIP-seq,EFO:0001182,HEK293,cell_line,embryonic,SCRT2,encode,paired,True,0.7433635592460632
137,EFO:0001182 TF ChIP-seq SETDB1,.,TF ChIP-seq,EFO:0001182,HEK293,cell_line,embryonic,SETDB1,encode,single,False,0.8838952779769897
138,EFO:0001182 TF ChIP-seq SP2 genetically modified (insertion) using site-specific recombination targeting H. sapiens SP2,.,TF ChIP-seq,EFO:0001182,HEK293,cell_line,embryonic,SP2,encode,paired,True,0.7322329878807068
139,EFO:0001182 TF ChIP-seq SP3 genetically modified (insertion) using site-specific recombination targeting H. sapiens SP3,.,TF ChIP-seq,EFO:0001182,HEK293,cell_line,embryonic,SP3,encode,paired,True,0.7650193572044373
140,EFO:0001182 TF ChIP-seq SP7 genetically modified (insertion) using site-specific recombination targeting H. sapiens SP7,.,TF ChIP-seq,EFO:0001182,HEK293,cell_line,embryonic,SP7,encode,paired,True,0.7388457655906677
141,EFO:0001182 TF ChIP-seq TCF7L2,.,TF ChIP-seq,EFO:0001182,HEK293,cell_line,embryonic,TCF7L2,encode,single,False,0.8792089223861694
142,EFO:0001182 TF ChIP-seq TRIM28,.,TF ChIP-seq,EFO:0001182,HEK293,cell_line,embryonic,TRIM28,encode,single,False,0.7131395936012268
143,EFO:0001182 TF ChIP-seq WT1 genetically modified (insertion) using site-specific recombination targeting H. sapiens WT1,.,TF ChIP-seq,EFO:0001182,HEK293,cell_line,embryonic,WT1,encode,paired,True,0.7709176540374756
144,EFO:0001182 TF ChIP-seq YY1 genetically modified (insertion) using site-specific recombination targeting H. sapiens YY1,.,TF ChIP-seq,EFO:0001182,HEK293,cell_line,embryonic,YY1,encode,paired,True,0.7788075804710388
145,EFO:0001182 TF ChIP-seq YY2 genetically modified (insertion) using site-specific recombination targeting H. sapiens YY2,.,TF ChIP-seq,EFO:0001182,HEK293,cell_line,embryonic,YY2,encode,paired,True,0.7768064141273499
146,EFO:0001182 TF ChIP-seq ZBTB10 genetically modified (insertion) using site-specific recombination targeting H. sapiens ZBTB10,.,TF ChIP-seq,EFO:0001182,HEK293,cell_line,embryonic,ZBTB10,encode,paired,True,0.7738956809043884
147,EFO:0001182 TF ChIP-seq ZBTB11 genetically modified (insertion) using site-specific recombination targeting H. sapiens ZBTB11,.,TF ChIP-seq,EFO:0001182,HEK293,cell_line,embryonic,ZBTB11,encode,paired,True,0.7706739902496338
148,EFO:0001182 TF ChIP-seq ZBTB12 genetically modified (insertion) using site-specific recombination targeting H. sapiens ZBTB12,.,TF ChIP-seq,EFO:0001182,HEK293,cell_line,embryonic,ZBTB12,encode,paired,True,0.8083616495132446
149,EFO:0001182 TF ChIP-seq ZBTB17 genetically modified (insertion) using site-specific recombination targeting H. sapiens ZBTB17,.,TF ChIP-seq,EFO:0001182,HEK293,cell_line,embryonic,ZBTB17,encode,paired,True,0.7136586904525757
150,EFO:0001182 TF ChIP-seq ZBTB20 genetically modified (insertion) using site-specific recombination targeting H. sapiens ZBTB20,.,TF ChIP-seq,EFO:0001182,HEK293,cell_line,embryonic,ZBTB20,encode,paired,True,0.7374602556228638
151,EFO:0001182 TF ChIP-seq ZBTB21 genetically modified (insertion) using site-specific recombination targeting H. sapiens ZBTB21,.,TF ChIP-seq,EFO:0001182,HEK293,cell_line,embryonic,ZBTB21,encode,paired,True,0.7684542536735535
152,EFO:0001182 TF ChIP-seq ZBTB26 genetically modified (insertion) using site-specific recombination targeting H. sapiens ZBTB26,.,TF ChIP-seq,EFO:0001182,HEK293,cell_line,embryonic,ZBTB26,encode,paired,True,0.7079533338546753
153,EFO:0001182 TF ChIP-seq ZBTB44 genetically modified (insertion) using site-specific recombination targeting H. sapiens ZBTB44,.,TF ChIP-seq,EFO:0001182,HEK293,cell_line,embryonic,ZBTB44,encode,paired,True,0.8045327067375183
154,EFO:0001182 TF ChIP-seq ZBTB48 genetically modified (insertion) using site-specific recombination targeting H. sapiens ZBTB48,.,TF ChIP-seq,EFO:0001182,HEK293,cell_line,embryonic,ZBTB48,encode,paired,True,0.7695119976997375
155,EFO:0001182 TF ChIP-seq ZBTB6 genetically modified (insertion) using site-specific recombination targeting H. sapiens ZBTB6,.,TF ChIP-seq,EFO:0001182,HEK293,cell_line,embryonic,ZBTB6,encode,paired,True,0.8042390942573547
156,EFO:0001182 TF ChIP-seq ZBTB8A genetically modified (insertion) using site-specific recombination targeting H. sapiens ZBTB8A,.,TF ChIP-seq,EFO:0001182,HEK293,cell_line,embryonic,ZBTB8A,encode,paired,True,0.7548887133598328
157,EFO:0001182 TF ChIP-seq ZEB1 genetically modified (insertion) using site-specific recombination targeting H. sapiens ZEB1,.,TF ChIP-seq,EFO:0001182,HEK293,cell_line,embryonic,ZEB1,encode,paired,True,0.769564151763916
158,EFO:0001182 TF ChIP-seq ZEB2 genetically modified (insertion) using site-specific recombination targeting H. sapiens ZEB2,.,TF ChIP-seq,EFO:0001182,HEK293,cell_line,embryonic,ZEB2,encode,paired,True,0.752129077911377
159,EFO:0001182 TF ChIP-seq ZFHX2 genetically modified (insertion) using site-specific recombination targeting H. sapiens ZFHX2,.,TF ChIP-seq,EFO:0001182,HEK293,cell_line,embryonic,ZFHX2,encode,paired,True,0.7410730123519897
160,EFO:0001182 TF ChIP-seq ZFP37 genetically modified (insertion) using site-specific recombination targeting H. sapiens ZFP37,.,TF ChIP-seq,EFO:0001182,HEK293,cell_line,embryonic,ZFP37,encode,paired,True,0.7604038119316101
161,EFO:0001182 TF ChIP-seq ZFP69B genetically modified (insertion) using site-specific recombination targeting H. sapiens ZFP69B,.,TF ChIP-seq,EFO:0001182,HEK293,cell_line,embryonic,ZFP69B,encode,paired,True,0.7733308672904968
162,EFO:0001182 TF ChIP-seq ZIC2 genetically modified (insertion) using site-specific recombination targeting H. sapiens ZIC2,.,TF ChIP-seq,EFO:0001182,HEK293,cell_line,embryonic,ZIC2,encode,paired,True,0.761533796787262
163,EFO:0001182 TF ChIP-seq ZNF10 genetically modified (insertion) using site-specific recombination targeting H. sapiens ZNF10,.,TF ChIP-seq,EFO:0001182,HEK293,cell_line,embryonic,ZNF10,encode,paired,True,0.7837669253349304
164,EFO:0001182 TF ChIP-seq ZNF121 genetically modified (insertion) using site-specific recombination targeting H. sapiens ZNF121,.,TF ChIP-seq,EFO:0001182,HEK293,cell_line,embryonic,ZNF121,encode,paired,True,0.7637369632720947
165,EFO:0001182 TF ChIP-seq ZNF133 genetically modified (insertion) using site-specific recombination targeting H. sapiens ZNF133,.,TF ChIP-seq,EFO:0001182,HEK293,cell_line,embryonic,ZNF133,encode,paired,True,0.8034995794296265
166,EFO:0001182 TF ChIP-seq ZNF146 genetically modified (insertion) using site-specific recombination targeting H. sapiens ZNF146,.,TF ChIP-seq,EFO:0001182,HEK293,cell_line,embryonic,ZNF146,encode,paired,True,0.7877136468887329
167,EFO:0001182 TF ChIP-seq ZNF157 genetically modified (insertion) using site-specific recombination targeting H. sapiens ZNF157,.,TF ChIP-seq,EFO:0001182,HEK293,cell_line,embryonic,ZNF157,encode,paired,True,0.7927348613739014
168,EFO:0001182 TF ChIP-seq ZNF18 genetically modified (insertion) using site-specific recombination targeting H. sapiens ZNF18,.,TF ChIP-seq,EFO:0001182,HEK293,cell_line,embryonic,ZNF18,encode,paired,True,0.78887939453125
169,EFO:0001182 TF ChIP-seq ZNF189 genetically modified (insertion) using site-specific recombination targeting H. sapiens ZNF189,.,TF ChIP-seq,EFO:0001182,HEK293,cell_line,embryonic,ZNF189,encode,paired,True,0.7442852258682251
170,EFO:0001182 TF ChIP-seq ZNF2 genetically modified (insertion) using site-specific recombination targeting H. sapiens ZNF2,.,TF ChIP-seq,EFO:0001182,HEK293,cell_line,embryonic,ZNF2,encode,paired,True,0.7517942190170288
171,EFO:0001182 TF ChIP-seq ZNF24 genetically modified (insertion) using site-specific recombination targeting H. sapiens ZNF24,.,TF ChIP-seq,EFO:0001182,HEK293,cell_line,embryonic,ZNF24,encode,paired,True,0.7766969799995422
172,EFO:0001182 TF ChIP-seq ZNF263,.,TF ChIP-seq,EFO:0001182,HEK293,cell_line,embryonic,ZNF263,encode,single,False,0.8777823448181152
173,EFO:0001182 TF ChIP-seq ZNF324 genetically modified (insertion) using site-specific recombination targeting H. sapiens ZNF324,.,TF ChIP-seq,EFO:0001182,HEK293,cell_line,embryonic,ZNF324,encode,paired,True,0.7764416337013245
174,EFO:0001182 TF ChIP-seq ZNF335 genetically modified (insertion) using site-specific recombination targeting H. sapiens ZNF335,.,TF ChIP-seq,EFO:0001182,HEK293,cell_line,embryonic,ZNF335,encode,paired,True,0.7333441376686096
175,EFO:0001182 TF ChIP-seq ZNF34 genetically modified (insertion) using site-specific recombination targeting H. sapiens ZNF34,.,TF ChIP-seq,EFO:0001182,HEK293,cell_line,embryonic,ZNF34,encode,paired,True,0.7890019416809082
176,EFO:0001182 TF ChIP-seq ZNF341 genetically modified (insertion) using site-specific recombination targeting H. sapiens ZNF341,.,TF ChIP-seq,EFO:0001182,HEK293,cell_line,embryonic,ZNF341,encode,paired,True,0.7654991149902344
177,EFO:0001182 TF ChIP-seq ZNF362 genetically modified (insertion) using site-specific recombination targeting H. sapiens ZNF362,.,TF ChIP-seq,EFO:0001182,HEK293,cell_line,embryonic,ZNF362,encode,paired,True,0.7579368948936462
178,EFO:0001182 TF ChIP-seq ZNF366 genetically modified (insertion) using site-specific recombination targeting H. sapiens ZNF366,.,TF ChIP-seq,EFO:0001182,HEK293,cell_line,embryonic,ZNF366,encode,paired,True,0.7277015447616577
179,EFO:0001182 TF ChIP-seq ZNF391 genetically modified (insertion) using site-specific recombination targeting H. sapiens ZNF391,.,TF ChIP-seq,EFO:0001182,HEK293,cell_line,embryonic,ZNF391,encode,paired,True,0.7941629886627197
180,EFO:0001182 TF ChIP-seq ZNF394 genetically modified (insertion) using site-specific recombination targeting H. sapiens ZNF394,.,TF ChIP-seq,EFO:0001182,HEK293,cell_line,embryonic,ZNF394,encode,paired,True,0.7468457221984863
181,EFO:0001182 TF ChIP-seq ZNF398 genetically modified (insertion) using site-specific recombination targeting H. sapiens ZNF398,.,TF ChIP-seq,EFO:0001182,HEK293,cell_line,embryonic,ZNF398,encode,paired,True,0.7506776452064514
182,EFO:0001182 TF ChIP-seq ZNF423 genetically modified (insertion) using site-specific recombination targeting H. sapiens ZNF423,.,TF ChIP-seq,EFO:0001182,HEK293,cell_line,embryonic,ZNF423,encode,paired,True,0.7970330119132996
183,EFO:0001182 TF ChIP-seq ZNF426 genetically modified (insertion) using site-specific recombination targeting H. sapiens ZNF426,.,TF ChIP-seq,EFO:0001182,HEK293,cell_line,embryonic,ZNF426,encode,paired,True,0.7861539125442505
184,EFO:0001182 TF ChIP-seq ZNF449 genetically modified (insertion) using site-specific recombination targeting H. sapiens ZNF449,.,TF ChIP-seq,EFO:0001182,HEK293,cell_line,embryonic,ZNF449,encode,paired,True,0.7909559011459351
185,EFO:0001182 TF ChIP-seq ZNF501 genetically modified (insertion) using site-specific recombination targeting H. sapiens ZNF501,.,TF ChIP-seq,EFO:0001182,HEK293,cell_line,embryonic,ZNF501,encode,paired,True,0.7524047493934631
186,EFO:0001182 TF ChIP-seq ZNF513 genetically modified (insertion) using site-specific recombination targeting H. sapiens ZNF513,.,TF ChIP-seq,EFO:0001182,HEK293,cell_line,embryonic,ZNF513,encode,paired,True,0.7850866317749023
187,EFO:0001182 TF ChIP-seq ZNF518A genetically modified (insertion) using site-specific recombination targeting H. sapiens ZNF518A,.,TF ChIP-seq,EFO:0001182,HEK293,cell_line,embryonic,ZNF518A,encode,paired,True,0.8072378039360046
188,EFO:0001182 TF ChIP-seq ZNF558 genetically modified (insertion) using site-specific recombination targeting H. sapiens ZNF558,.,TF ChIP-seq,EFO:0001182,HEK293,cell_line,embryonic,ZNF558,encode,paired,True,0.7897545099258423
189,EFO:0001182 TF ChIP-seq ZNF561 genetically modified (insertion) using site-specific recombination targeting H. sapiens ZNF561,.,TF ChIP-seq,EFO:0001182,HEK293,cell_line,embryonic,ZNF561,encode,paired,True,0.7777495980262756
190,EFO:0001182 TF ChIP-seq ZNF580 genetically modified (insertion) using site-specific recombination targeting H. sapiens ZNF580,.,TF ChIP-seq,EFO:0001182,HEK293,cell_line,embryonic,ZNF580,encode,paired,True,0.7861317992210388
191,EFO:0001182 TF ChIP-seq ZNF585B genetically modified (insertion) using site-specific recombination targeting H. sapiens ZNF585B,.,TF ChIP-seq,EFO:0001182,HEK293,cell_line,embryonic,ZNF585B,encode,paired,True,0.7945247292518616
192,EFO:0001182 TF ChIP-seq ZNF596 genetically modified (insertion) using site-specific recombination targeting H. sapiens ZNF596,.,TF ChIP-seq,EFO:0001182,HEK293,cell_line,embryonic,ZNF596,encode,paired,True,0.7928680777549744
193,EFO:0001182 TF ChIP-seq ZNF600 genetically modified (insertion) using site-specific recombination targeting H. sapiens ZNF600,.,TF ChIP-seq,EFO:0001182,HEK293,cell_line,embryonic,ZNF600,encode,paired,True,0.7199051380157471
194,EFO:0001182 TF ChIP-seq ZNF610 genetically modified (insertion) using site-specific recombination targeting H. sapiens ZNF610,.,TF ChIP-seq,EFO:0001182,HEK293,cell_line,embryonic,ZNF610,encode,paired,True,0.7791306972503662
195,EFO:0001182 TF ChIP-seq ZNF623 genetically modified (insertion) using site-specific recombination targeting H. sapiens ZNF623,.,TF ChIP-seq,EFO:0001182,HEK293,cell_line,embryonic,ZNF623,encode,paired,True,0.7774213552474976
196,EFO:0001182 TF ChIP-seq ZNF629 genetically modified (insertion) using site-specific recombination targeting H. sapiens ZNF629,.,TF ChIP-seq,EFO:0001182,HEK293,cell_line,embryonic,ZNF629,encode,paired,True,0.7427449822425842
197,EFO:0001182 TF ChIP-seq ZNF639 genetically modified (insertion) using site-specific recombination targeting H. sapiens ZNF639,.,TF ChIP-seq,EFO:0001182,HEK293,cell_line,embryonic,ZNF639,encode,paired,True,0.768902063369751
198,EFO:0001182 TF ChIP-seq ZNF654 genetically modified (insertion) using site-specific recombination targeting H. sapiens ZNF654,.,TF ChIP-seq,EFO:0001182,HEK293,cell_line,embryonic,ZNF654,encode,paired,True,0.840003252029419
199,EFO:0001182 TF ChIP-seq ZNF660 genetically modified (insertion) using site-specific recombination targeting H. sapiens ZNF660,.,TF ChIP-seq,EFO:0001182,HEK293,cell_line,embryonic,ZNF660,encode,paired,True,0.7775765061378479
200,EFO:0001182 TF ChIP-seq ZNF664 genetically modified (insertion) using site-specific recombination targeting H. sapiens ZNF664,.,TF ChIP-seq,EFO:0001182,HEK293,cell_line,embryonic,ZNF664,encode,paired,True,0.7865277528762817
201,EFO:0001182 TF ChIP-seq ZNF680 genetically modified (insertion) using site-specific recombination targeting H. sapiens ZNF680,.,TF ChIP-seq,EFO:0001182,HEK293,cell_line,embryonic,ZNF680,encode,paired,True,0.7925419807434082
202,EFO:0001182 TF ChIP-seq ZNF692 genetically modified (insertion) using site-specific recombination targeting H. sapiens ZNF692,.,TF ChIP-seq,EFO:0001182,HEK293,cell_line,embryonic,ZNF692,encode,paired,True,0.7554531097412109
203,EFO:0001182 TF ChIP-seq ZNF76 genetically modified (insertion) using site-specific recombination targeting H. sapiens ZNF76,.,TF ChIP-seq,EFO:0001182,HEK293,cell_line,embryonic,ZNF76,encode,paired,True,0.7747834324836731
204,EFO:0001182 TF ChIP-seq ZNF770 genetically modified (insertion) using site-specific recombination targeting H. sapiens ZNF770,.,TF ChIP-seq,EFO:0001182,HEK293,cell_line,embryonic,ZNF770,encode,paired,True,0.7817620038986206
205,EFO:0001182 TF ChIP-seq ZNF843 genetically modified (insertion) using site-specific recombination targeting H. sapiens ZNF843,.,TF ChIP-seq,EFO:0001182,HEK293,cell_line,embryonic,ZNF843,encode,paired,True,0.7666009664535522
206,EFO:0001182 TF ChIP-seq ZSCAN21 genetically modified (insertion) using site-specific recombination targeting H. sapiens ZSCAN21,.,TF ChIP-seq,EFO:0001182,HEK293,cell_line,embryonic,ZSCAN21,encode,paired,True,0.7539019584655762
207,EFO:0001182 TF ChIP-seq ZSCAN30 genetically modified (insertion) using site-specific recombination targeting H. sapiens ZSCAN30,.,TF ChIP-seq,EFO:0001182,HEK293,cell_line,embryonic,ZSCAN30,encode,paired,True,0.8173872828483582
208,EFO:0001182 TF ChIP-seq ZSCAN4 genetically modified (insertion) using site-specific recombination targeting H. sapiens ZSCAN4,.,TF ChIP-seq,EFO:0001182,HEK293,cell_line,embryonic,ZSCAN4,encode,paired,True,0.7768357992172241
209,EFO:0001182 TF ChIP-seq ZSCAN5C genetically modified (insertion) using site-specific recombination targeting H. sapiens ZSCAN5C,.,TF ChIP-seq,EFO:0001182,HEK293,cell_line,embryonic,ZSCAN5C,encode,paired,True,0.7876642346382141
210,EFO:0001182 TF ChIP-seq ZXDB genetically modified (insertion) using site-specific recombination targeting H. sapiens ZXDB,.,TF ChIP-seq,EFO:0001182,HEK293,cell_line,embryonic,ZXDB,encode,paired,True,0.7552258968353271
211,EFO:0001184 TF ChIP-seq ELF4,.,TF ChIP-seq,EFO:0001184,HEK293T,cell_line,embryonic,ELF4,encode,paired,False,0.7921107411384583
212,EFO:0001184 TF ChIP-seq L3MBTL2,.,TF ChIP-seq,EFO:0001184,HEK293T,cell_line,embryonic,L3MBTL2,encode,paired,False,0.7604330778121948
213,EFO:0001184 TF ChIP-seq PKNOX1,.,TF ChIP-seq,EFO:0001184,HEK293T,cell_line,embryonic,PKNOX1,encode,paired,False,0.7313826680183411
214,EFO:0001184 TF ChIP-seq ZFX,.,TF ChIP-seq,EFO:0001184,HEK293T,cell_line,embryonic,ZFX,encode,paired,False,0.8459454774856567
215,EFO:0001184 TF ChIP-seq ZNF384,.,TF ChIP-seq,EFO:0001184,HEK293T,cell_line,embryonic,ZNF384,encode,paired,False,0.7724091410636902
216,EFO:0001187 TF ChIP-seq AFF4 genetically modified (insertion) using CRISPR targeting H. sapiens AFF4,.,TF ChIP-seq,EFO:0001187,HepG2,cell_line,child,AFF4,encode,single,True,1.0958333015441895
217,EFO:0001187 TF ChIP-seq AGO2,.,TF ChIP-seq,EFO:0001187,HepG2,cell_line,child,AGO2,encode,single,False,1.1765327453613281
218,EFO:0001187 TF ChIP-seq AHDC1 genetically modified (insertion) using CRISPR targeting H. sapiens AHDC1,.,TF ChIP-seq,EFO:0001187,HepG2,cell_line,child,AHDC1,encode,single,True,0.7505130171775818
219,EFO:0001187 TF ChIP-seq AHR genetically modified (insertion) using CRISPR targeting H. sapiens AHR,.,TF ChIP-seq,EFO:0001187,HepG2,cell_line,child,AHR,encode,single,True,1.0706480741500854
220,EFO:0001187 TF ChIP-seq AKAP8 genetically modified (insertion) using CRISPR targeting H. sapiens AKAP8,.,TF ChIP-seq,EFO:0001187,HepG2,cell_line,child,AKAP8,encode,single,True,0.9373123049736023
221,EFO:0001187 TF ChIP-seq ARHGAP35 genetically modified (insertion) using CRISPR targeting H. sapiens ARHGAP35,.,TF ChIP-seq,EFO:0001187,HepG2,cell_line,child,ARHGAP35,encode,single,True,0.8258343935012817
222,EFO:0001187 TF ChIP-seq ARID2 genetically modified (insertion) using CRISPR targeting H. sapiens ARID2,.,TF ChIP-seq,EFO:0001187,HepG2,cell_line,child,ARID2,encode,single,True,0.7711448669433594
223,EFO:0001187 TF ChIP-seq ARID3A,.,TF ChIP-seq,EFO:0001187,HepG2,cell_line,child,ARID3A,encode,single,False,0.9498363733291626
224,EFO:0001187 TF ChIP-seq ARID3A genetically modified (insertion) using CRISPR targeting H. sapiens ARID3A,.,TF ChIP-seq,EFO:0001187,HepG2,cell_line,child,ARID3A,encode,single,True,0.7250580787658691
225,EFO:0001187 TF ChIP-seq ARID4A genetically modified (insertion) using CRISPR targeting H. sapiens ARID4A,.,TF ChIP-seq,EFO:0001187,HepG2,cell_line,child,ARID4A,encode,single,True,0.7641783952713013
226,EFO:0001187 TF ChIP-seq ARID4B genetically modified (insertion) using CRISPR targeting H. sapiens ARID4B,.,TF ChIP-seq,EFO:0001187,HepG2,cell_line,child,ARID4B,encode,single,True,0.9257237315177917
227,EFO:0001187 TF ChIP-seq ARID5B genetically modified (insertion) using CRISPR targeting H. sapiens ARID5B,.,TF ChIP-seq,EFO:0001187,HepG2,cell_line,child,ARID5B,encode,single,True,0.8131709098815918
228,EFO:0001187 TF ChIP-seq ARNT2 genetically modified (insertion) using CRISPR targeting H. sapiens ARNT2,.,TF ChIP-seq,EFO:0001187,HepG2,cell_line,child,ARNT2,encode,single,True,0.8979248404502869
229,EFO:0001187 TF ChIP-seq ARNTL genetically modified (insertion) using CRISPR targeting H. sapiens ARNTL,.,TF ChIP-seq,EFO:0001187,HepG2,cell_line,child,ARNTL,encode,single,True,0.8796525597572327
230,EFO:0001187 TF ChIP-seq ASH2L,.,TF ChIP-seq,EFO:0001187,HepG2,cell_line,child,ASH2L,encode,single,False,0.7842143177986145
231,EFO:0001187 TF ChIP-seq ATF1 genetically modified (insertion) using CRISPR targeting H. sapiens ATF1,.,TF ChIP-seq,EFO:0001187,HepG2,cell_line,child,ATF1,encode,single,True,0.7178052663803101
232,EFO:0001187 TF ChIP-seq ATF2,.,TF ChIP-seq,EFO:0001187,HepG2,cell_line,child,ATF2,encode,paired,False,0.8266690969467163
233,EFO:0001187 TF ChIP-seq ATF2 genetically modified (insertion) using CRISPR targeting H. sapiens ATF2,.,TF ChIP-seq,EFO:0001187,HepG2,cell_line,child,ATF2,encode,single,True,0.8733900785446167
234,EFO:0001187 TF ChIP-seq ATF3 genetically modified (insertion) using CRISPR targeting H. sapiens ATF3,.,TF ChIP-seq,EFO:0001187,HepG2,cell_line,child,ATF3,encode,single,True,0.9405274391174316
235,EFO:0001187 TF ChIP-seq ATF4 genetically modified (insertion) using CRISPR targeting H. sapiens ATF4,.,TF ChIP-seq,EFO:0001187,HepG2,cell_line,child,ATF4,encode,single,True,0.7163546085357666
236,EFO:0001187 TF ChIP-seq ATF7,.,TF ChIP-seq,EFO:0001187,HepG2,cell_line,child,ATF7,encode,paired,False,0.7905319333076477
237,EFO:0001187 TF ChIP-seq ATF7 genetically modified (insertion) using CRISPR targeting H. sapiens ATF7,.,TF ChIP-seq,EFO:0001187,HepG2,cell_line,child,ATF7,encode,single,True,0.857157289981842
238,EFO:0001187 TF ChIP-seq ATF7-NPFF genetically modified (insertion) using CRISPR targeting H. sapiens ATF7,.,TF ChIP-seq,EFO:0001187,HepG2,cell_line,child,ATF7-NPFF,encode,single,True,0.8894299268722534
239,EFO:0001187 TF ChIP-seq BATF2 genetically modified (insertion) using CRISPR targeting H. sapiens BATF2,.,TF ChIP-seq,EFO:0001187,HepG2,cell_line,child,BATF2,encode,single,True,0.8882627487182617
240,EFO:0001187 TF ChIP-seq BAZ2A genetically modified (insertion) using CRISPR targeting H. sapiens BAZ2A,.,TF ChIP-seq,EFO:0001187,HepG2,cell_line,child,BAZ2A,encode,single,True,0.9506245255470276
241,EFO:0001187 TF ChIP-seq BCL3 genetically modified (insertion) using CRISPR targeting H. sapiens BCL3,.,TF ChIP-seq,EFO:0001187,HepG2,cell_line,child,BCL3,encode,single,True,0.8422386050224304
242,EFO:0001187 TF ChIP-seq BCL6 genetically modified (insertion) using CRISPR targeting H. sapiens BCL6,.,TF ChIP-seq,EFO:0001187,HepG2,cell_line,child,BCL6,encode,single,True,0.8456039428710938
243,EFO:0001187 TF ChIP-seq BCLAF1,.,TF ChIP-seq,EFO:0001187,HepG2,cell_line,child,BCLAF1,encode,paired,False,0.8403931856155396
244,EFO:0001187 TF ChIP-seq BHLHE40,.,TF ChIP-seq,EFO:0001187,HepG2,cell_line,child,BHLHE40,encode,single,False,0.9407265782356262
245,EFO:0001187 TF ChIP-seq BORCS8-MEF2B genetically modified (insertion) using CRISPR targeting H. sapiens BORCS8,.,TF ChIP-seq,EFO:0001187,HepG2,cell_line,child,BORCS8-MEF2B,encode,single,True,0.9872255325317383
246,EFO:0001187 TF ChIP-seq BRCA1 genetically modified (insertion) using CRISPR targeting H. sapiens BRCA1,.,TF ChIP-seq,EFO:0001187,HepG2,cell_line,child,BRCA1,encode,single,True,0.9496076107025146
247,EFO:0001187 TF ChIP-seq BRD4 genetically modified (insertion) using CRISPR targeting H. sapiens BRD4,.,TF ChIP-seq,EFO:0001187,HepG2,cell_line,child,BRD4,encode,single,True,0.922921895980835
248,EFO:0001187 TF ChIP-seq BRF2 genetically modified (insertion) using CRISPR targeting H. sapiens BRF2,.,TF ChIP-seq,EFO:0001187,HepG2,cell_line,child,BRF2,encode,single,True,0.8202899694442749
249,EFO:0001187 TF ChIP-seq CAMTA2 genetically modified (insertion) using CRISPR targeting H. sapiens CAMTA2,.,TF ChIP-seq,EFO:0001187,HepG2,cell_line,child,CAMTA2,encode,single,True,0.8614745140075684
250,EFO:0001187 TF ChIP-seq CBFB genetically modified (insertion) using CRISPR targeting H. sapiens CBFB,.,TF ChIP-seq,EFO:0001187,HepG2,cell_line,child,CBFB,encode,single,True,0.9547829627990723
251,EFO:0001187 TF ChIP-seq CBX1,.,TF ChIP-seq,EFO:0001187,HepG2,cell_line,child,CBX1,encode,single,False,1.7932310104370117
252,EFO:0001187 TF ChIP-seq CBX5 genetically modified (insertion) using CRISPR targeting H. sapiens CBX5,.,TF ChIP-seq,EFO:0001187,HepG2,cell_line,child,CBX5,encode,single,True,1.048087477684021
253,EFO:0001187 TF ChIP-seq CCDC6 genetically modified (insertion) using CRISPR targeting H. sapiens CCDC6,.,TF ChIP-seq,EFO:0001187,HepG2,cell_line,child,CCDC6,encode,single,True,0.8603995442390442
254,EFO:0001187 TF ChIP-seq CEBPA genetically modified (insertion) using CRISPR targeting H. sapiens CEBPA,.,TF ChIP-seq,EFO:0001187,HepG2,cell_line,child,CEBPA,encode,single,True,0.9038640260696411
255,EFO:0001187 TF ChIP-seq CEBPB,.,TF ChIP-seq,EFO:0001187,HepG2,cell_line,child,CEBPB,encode,single,False,1.1806750297546387
256,EFO:0001187 TF ChIP-seq CEBPD genetically modified (insertion) using CRISPR targeting H. sapiens CEBPD,.,TF ChIP-seq,EFO:0001187,HepG2,cell_line,child,CEBPD,encode,single,True,1.1238700151443481
257,EFO:0001187 TF ChIP-seq CEBPG genetically modified (insertion) using CRISPR targeting H. sapiens CEBPG,.,TF ChIP-seq,EFO:0001187,HepG2,cell_line,child,CEBPG,encode,single,True,0.8854897022247314
258,EFO:0001187 TF ChIP-seq CHD2,.,TF ChIP-seq,EFO:0001187,HepG2,cell_line,child,CHD2,encode,single,False,1.0124356746673584
259,EFO:0001187 TF ChIP-seq CHD4,.,TF ChIP-seq,EFO:0001187,HepG2,cell_line,child,CHD4,encode,single,False,0.8086315393447876
260,EFO:0001187 TF ChIP-seq CREB1,.,TF ChIP-seq,EFO:0001187,HepG2,cell_line,child,CREB1,encode,paired,False,0.7679792046546936
261,EFO:0001187 TF ChIP-seq CREB1 genetically modified (insertion) using CRISPR targeting H. sapiens CREB1,.,TF ChIP-seq,EFO:0001187,HepG2,cell_line,child,CREB1,encode,single,True,0.6846128702163696
262,EFO:0001187 TF ChIP-seq CREM,.,TF ChIP-seq,EFO:0001187,HepG2,cell_line,child,CREM,encode,single,False,0.7372840642929077
263,EFO:0001187 TF ChIP-seq CSRNP1 genetically modified (insertion) using CRISPR targeting H. sapiens CSRNP1,.,TF ChIP-seq,EFO:0001187,HepG2,cell_line,child,CSRNP1,encode,single,True,0.7614040970802307
264,EFO:0001187 TF ChIP-seq CTCF,.,TF ChIP-seq,EFO:0001187,HepG2,cell_line,child,CTCF,encode,single,False,1.0367335081100464
265,EFO:0001187 TF ChIP-seq CTCF genetically modified (insertion) using CRISPR targeting H. sapiens CTCF,.,TF ChIP-seq,EFO:0001187,HepG2,cell_line,child,CTCF,encode,single,True,0.9780106544494629
266,EFO:0001187 TF ChIP-seq DLX6 genetically modified (insertion) using CRISPR targeting H. sapiens DLX6,.,TF ChIP-seq,EFO:0001187,HepG2,cell_line,child,DLX6,encode,single,True,0.8272435665130615
267,EFO:0001187 TF ChIP-seq DMAP1 genetically modified (insertion) using CRISPR targeting H. sapiens DMAP1,.,TF ChIP-seq,EFO:0001187,HepG2,cell_line,child,DMAP1,encode,single,True,0.9408639669418335
268,EFO:0001187 TF ChIP-seq DNMT1 genetically modified (insertion) using CRISPR targeting H. sapiens DNMT1,.,TF ChIP-seq,EFO:0001187,HepG2,cell_line,child,DNMT1,encode,single,True,0.9599778056144714
269,EFO:0001187 TF ChIP-seq DNMT3B genetically modified (insertion) using CRISPR targeting H. sapiens DNMT3B,.,TF ChIP-seq,EFO:0001187,HepG2,cell_line,child,DNMT3B,encode,single,True,0.9800146818161011
270,EFO:0001187 TF ChIP-seq DPF2 genetically modified (insertion) using CRISPR targeting H. sapiens DPF2,.,TF ChIP-seq,EFO:0001187,HepG2,cell_line,child,DPF2,encode,single,True,1.0381863117218018
271,EFO:0001187 TF ChIP-seq DR1 genetically modified (insertion) using CRISPR targeting H. sapiens DR1,.,TF ChIP-seq,EFO:0001187,HepG2,cell_line,child,DR1,encode,single,True,0.7556718587875366
272,EFO:0001187 TF ChIP-seq DRAP1 genetically modified (insertion) using CRISPR targeting H. sapiens DRAP1,.,TF ChIP-seq,EFO:0001187,HepG2,cell_line,child,DRAP1,encode,single,True,0.844770073890686
273,EFO:0001187 TF ChIP-seq DZIP1 genetically modified (insertion) using CRISPR targeting H. sapiens DZIP1,.,TF ChIP-seq,EFO:0001187,HepG2,cell_line,child,DZIP1,encode,single,True,0.8786128163337708
274,EFO:0001187 TF ChIP-seq E2F1 genetically modified (insertion) using CRISPR targeting H. sapiens E2F1,.,TF ChIP-seq,EFO:0001187,HepG2,cell_line,child,E2F1,encode,single,True,0.7706258296966553
275,EFO:0001187 TF ChIP-seq E2F4 genetically modified (insertion) using CRISPR targeting H. sapiens E2F4,.,TF ChIP-seq,EFO:0001187,HepG2,cell_line,child,E2F4,encode,single,True,0.766048014163971
276,EFO:0001187 TF ChIP-seq E2F5 genetically modified (insertion) using CRISPR targeting H. sapiens E2F5,.,TF ChIP-seq,EFO:0001187,HepG2,cell_line,child,E2F5,encode,single,True,1.0544836521148682
277,EFO:0001187 TF ChIP-seq E2F8 genetically modified (insertion) using CRISPR targeting H. sapiens E2F8,.,TF ChIP-seq,EFO:0001187,HepG2,cell_line,child,E2F8,encode,single,True,0.7977742552757263
278,EFO:0001187 TF ChIP-seq EEA1 genetically modified (insertion) using CRISPR targeting H. sapiens EEA1,.,TF ChIP-seq,EFO:0001187,HepG2,cell_line,child,EEA1,encode,single,True,0.9580557346343994
279,EFO:0001187 TF ChIP-seq EED genetically modified (insertion) using CRISPR targeting H. sapiens EED,.,TF ChIP-seq,EFO:0001187,HepG2,cell_line,child,EED,encode,single,True,0.8560649752616882
280,EFO:0001187 TF ChIP-seq EGR1 genetically modified (insertion) using CRISPR targeting H. sapiens EGR1,.,TF ChIP-seq,EFO:0001187,HepG2,cell_line,child,EGR1,encode,single,True,0.8205860257148743
281,EFO:0001187 TF ChIP-seq EHMT2,.,TF ChIP-seq,EFO:0001187,HepG2,cell_line,child,EHMT2,encode,single,False,0.8669118881225586
282,EFO:0001187 TF ChIP-seq ELF1,.,TF ChIP-seq,EFO:0001187,HepG2,cell_line,child,ELF1,encode,single,False,1.0358084440231323
283,EFO:0001187 TF ChIP-seq ELF1 genetically modified (insertion) using CRISPR targeting H. sapiens ELF1,.,TF ChIP-seq,EFO:0001187,HepG2,cell_line,child,ELF1,encode,single,True,0.8516697883605957
284,EFO:0001187 TF ChIP-seq ELF3 genetically modified (insertion) using CRISPR targeting H. sapiens ELF3,.,TF ChIP-seq,EFO:0001187,HepG2,cell_line,child,ELF3,encode,single,True,0.9217767715454102
285,EFO:0001187 TF ChIP-seq ELF4 genetically modified (insertion) using CRISPR targeting H. sapiens ELF4,.,TF ChIP-seq,EFO:0001187,HepG2,cell_line,child,ELF4,encode,single,True,0.8673814535140991
286,EFO:0001187 TF ChIP-seq ELK1 genetically modified (insertion) using CRISPR targeting H. sapiens ELK1,.,TF ChIP-seq,EFO:0001187,HepG2,cell_line,child,ELK1,encode,single,True,0.9412835836410522
287,EFO:0001187 TF ChIP-seq EP300,.,TF ChIP-seq,EFO:0001187,HepG2,cell_line,child,EP300,encode,single,False,0.7609607577323914
288,EFO:0001187 TF ChIP-seq EP300 genetically modified (insertion) using CRISPR targeting H. sapiens EP300,.,TF ChIP-seq,EFO:0001187,HepG2,cell_line,child,EP300,encode,single,True,0.7821898460388184
289,EFO:0001187 TF ChIP-seq ERF genetically modified (insertion) using CRISPR targeting H. sapiens ERF,.,TF ChIP-seq,EFO:0001187,HepG2,cell_line,child,ERF,encode,single,True,0.8812923431396484
290,EFO:0001187 TF ChIP-seq ESRRA genetically modified (insertion) using CRISPR targeting H. sapiens ESRRA,.,TF ChIP-seq,EFO:0001187,HepG2,cell_line,child,ESRRA,encode,single,True,0.9067927002906799
291,EFO:0001187 TF ChIP-seq ETS1,.,TF ChIP-seq,EFO:0001187,HepG2,cell_line,child,ETS1,encode,single,False,0.9008435606956482
292,EFO:0001187 TF ChIP-seq ETV4,.,TF ChIP-seq,EFO:0001187,HepG2,cell_line,child,ETV4,encode,single,False,0.8924592733383179
293,EFO:0001187 TF ChIP-seq ETV4 genetically modified (insertion) using CRISPR targeting H. sapiens ETV4,.,TF ChIP-seq,EFO:0001187,HepG2,cell_line,child,ETV4,encode,single,True,0.9367424249649048
294,EFO:0001187 TF ChIP-seq ETV5 genetically modified (insertion) using CRISPR targeting H. sapiens ETV5,.,TF ChIP-seq,EFO:0001187,HepG2,cell_line,child,ETV5,encode,single,True,0.9685952067375183
295,EFO:0001187 TF ChIP-seq ETV6 genetically modified (insertion) using CRISPR targeting H. sapiens ETV6,.,TF ChIP-seq,EFO:0001187,HepG2,cell_line,child,ETV6,encode,single,True,0.9896833896636963
296,EFO:0001187 TF ChIP-seq EZH2,.,TF ChIP-seq,EFO:0001187,HepG2,cell_line,child,EZH2,encode,single,False,0.8167230486869812
297,EFO:0001187 TF ChIP-seq FBXL19 genetically modified (insertion) using CRISPR targeting H. sapiens FBXL19,.,TF ChIP-seq,EFO:0001187,HepG2,cell_line,child,FBXL19,encode,single,True,0.8385319113731384
298,EFO:0001187 TF ChIP-seq FOSL1 genetically modified (insertion) using CRISPR targeting H. sapiens FOSL1,.,TF ChIP-seq,EFO:0001187,HepG2,cell_line,child,FOSL1,encode,single,True,0.7864099144935608
299,EFO:0001187 TF ChIP-seq FOSL2,.,TF ChIP-seq,EFO:0001187,HepG2,cell_line,child,FOSL2,encode,single,False,0.9364256262779236
300,EFO:0001187 TF ChIP-seq FOSL2 genetically modified (insertion) using CRISPR targeting H. sapiens FOSL2,.,TF ChIP-seq,EFO:0001187,HepG2,cell_line,child,FOSL2,encode,single,True,1.1371015310287476
301,EFO:0001187 TF ChIP-seq FOXA1,.,TF ChIP-seq,EFO:0001187,HepG2,cell_line,child,FOXA1,encode,single,False,1.0333880186080933
302,EFO:0001187 TF ChIP-seq FOXA1 genetically modified (insertion) using CRISPR targeting H. sapiens FOXA1,.,TF ChIP-seq,EFO:0001187,HepG2,cell_line,child,FOXA1,encode,single,True,1.0402621030807495
303,EFO:0001187 TF ChIP-seq FOXA2,.,TF ChIP-seq,EFO:0001187,HepG2,cell_line,child,FOXA2,encode,paired,False,0.7824559807777405
304,EFO:0001187 TF ChIP-seq FOXA2 genetically modified (insertion) using CRISPR targeting H. sapiens FOXA2,.,TF ChIP-seq,EFO:0001187,HepG2,cell_line,child,FOXA2,encode,single,True,0.8392978310585022
305,EFO:0001187 TF ChIP-seq FOXA3 genetically modified (insertion) using CRISPR targeting H. sapiens FOXA3,.,TF ChIP-seq,EFO:0001187,HepG2,cell_line,child,FOXA3,encode,single,True,0.8464599251747131
306,EFO:0001187 TF ChIP-seq FOXC1 genetically modified (insertion) using CRISPR targeting H. sapiens FOXC1,.,TF ChIP-seq,EFO:0001187,HepG2,cell_line,child,FOXC1,encode,single,True,0.8601622581481934
307,EFO:0001187 TF ChIP-seq FOXJ3 genetically modified (insertion) using CRISPR targeting H. sapiens FOXJ3,.,TF ChIP-seq,EFO:0001187,HepG2,cell_line,child,FOXJ3,encode,single,True,0.7561543583869934
308,EFO:0001187 TF ChIP-seq FOXK1 genetically modified (insertion) using CRISPR targeting H. sapiens FOXK1,.,TF ChIP-seq,EFO:0001187,HepG2,cell_line,child,FOXK1,encode,single,True,0.8882734775543213
309,EFO:0001187 TF ChIP-seq FOXO1 genetically modified (insertion) using CRISPR targeting H. sapiens FOXO1,.,TF ChIP-seq,EFO:0001187,HepG2,cell_line,child,FOXO1,encode,single,True,0.9055713415145874
310,EFO:0001187 TF ChIP-seq FOXO4 genetically modified (insertion) using CRISPR targeting H. sapiens FOXO4,.,TF ChIP-seq,EFO:0001187,HepG2,cell_line,child,FOXO4,encode,single,True,0.9278377294540405
311,EFO:0001187 TF ChIP-seq FOXP1 genetically modified (insertion) using CRISPR targeting H. sapiens FOXP1,.,TF ChIP-seq,EFO:0001187,HepG2,cell_line,child,FOXP1,encode,single,True,0.8943411111831665
312,EFO:0001187 TF ChIP-seq FOXP4 genetically modified (insertion) using CRISPR targeting H. sapiens FOXP4,.,TF ChIP-seq,EFO:0001187,HepG2,cell_line,child,FOXP4,encode,single,True,0.8135387301445007
313,EFO:0001187 TF ChIP-seq FOXQ1 genetically modified (insertion) using CRISPR targeting H. sapiens FOXQ1,.,TF ChIP-seq,EFO:0001187,HepG2,cell_line,child,FOXQ1,encode,single,True,0.865361750125885
314,EFO:0001187 TF ChIP-seq FUS,.,TF ChIP-seq,EFO:0001187,HepG2,cell_line,child,FUS,encode,single,False,1.128843903541565
315,EFO:0001187 TF ChIP-seq GABPA,.,TF ChIP-seq,EFO:0001187,HepG2,cell_line,child,GABPA,encode,single,False,1.1296805143356323
316,EFO:0001187 TF ChIP-seq GABPA genetically modified (insertion) using CRISPR targeting H. sapiens GABPA,.,TF ChIP-seq,EFO:0001187,HepG2,cell_line,child,GABPA,encode,single,True,0.7817407846450806
317,EFO:0001187 TF ChIP-seq GABPB1 genetically modified (insertion) using CRISPR targeting H. sapiens GABPB1,.,TF ChIP-seq,EFO:0001187,HepG2,cell_line,child,GABPB1,encode,single,True,0.9527495503425598
318,EFO:0001187 TF ChIP-seq GATA2 genetically modified (insertion) using CRISPR targeting H. sapiens GATA2,.,TF ChIP-seq,EFO:0001187,HepG2,cell_line,child,GATA2,encode,single,True,0.7664991617202759
319,EFO:0001187 TF ChIP-seq GATA4,.,TF ChIP-seq,EFO:0001187,HepG2,cell_line,child,GATA4,encode,single,False,0.9864453077316284
320,EFO:0001187 TF ChIP-seq GATAD1 genetically modified (insertion) using CRISPR targeting H. sapiens GATAD1,.,TF ChIP-seq,EFO:0001187,HepG2,cell_line,child,GATAD1,encode,single,True,0.8292107582092285
321,EFO:0001187 TF ChIP-seq GATAD2A genetically modified (insertion) using CRISPR targeting H. sapiens GATAD2A,.,TF ChIP-seq,EFO:0001187,HepG2,cell_line,child,GATAD2A,encode,single,True,0.8691539764404297
322,EFO:0001187 TF ChIP-seq GATAD2B genetically modified (insertion) using CRISPR targeting H. sapiens GATAD2B,.,TF ChIP-seq,EFO:0001187,HepG2,cell_line,child,GATAD2B,encode,single,True,0.8008445501327515
323,EFO:0001187 TF ChIP-seq GFI1 genetically modified (insertion) using CRISPR targeting H. sapiens GFI1,.,TF ChIP-seq,EFO:0001187,HepG2,cell_line,child,GFI1,encode,single,True,0.7213774919509888
324,EFO:0001187 TF ChIP-seq GLI4 genetically modified (insertion) using CRISPR targeting H. sapiens GLI4,.,TF ChIP-seq,EFO:0001187,HepG2,cell_line,child,GLI4,encode,single,True,0.7912455201148987
325,EFO:0001187 TF ChIP-seq GLYR1 genetically modified (insertion) using CRISPR targeting H. sapiens GLYR1,.,TF ChIP-seq,EFO:0001187,HepG2,cell_line,child,GLYR1,encode,single,True,0.931145429611206
326,EFO:0001187 TF ChIP-seq GMEB1 genetically modified (insertion) using CRISPR targeting H. sapiens GMEB1,.,TF ChIP-seq,EFO:0001187,HepG2,cell_line,child,GMEB1,encode,single,True,0.7963158488273621
327,EFO:0001187 TF ChIP-seq GMEB2 genetically modified (insertion) using CRISPR targeting H. sapiens GMEB2,.,TF ChIP-seq,EFO:0001187,HepG2,cell_line,child,GMEB2,encode,single,True,1.02279531955719
328,EFO:0001187 TF ChIP-seq GPBP1L1 genetically modified (insertion) using CRISPR targeting H. sapiens GPBP1L1,.,TF ChIP-seq,EFO:0001187,HepG2,cell_line,child,GPBP1L1,encode,single,True,0.8342117667198181
329,EFO:0001187 TF ChIP-seq GZF1 genetically modified (insertion) using CRISPR targeting H. sapiens GZF1,.,TF ChIP-seq,EFO:0001187,HepG2,cell_line,child,GZF1,encode,single,True,0.825830340385437
330,EFO:0001187 TF ChIP-seq HBP1 genetically modified (insertion) using CRISPR targeting H. sapiens HBP1,.,TF ChIP-seq,EFO:0001187,HepG2,cell_line,child,HBP1,encode,single,True,1.2320542335510254
331,EFO:0001187 TF ChIP-seq HCFC1,.,TF ChIP-seq,EFO:0001187,HepG2,cell_line,child,HCFC1,encode,single,False,1.038496971130371
332,EFO:0001187 TF ChIP-seq HDAC1,.,TF ChIP-seq,EFO:0001187,HepG2,cell_line,child,HDAC1,encode,single,False,0.8245723843574524
333,EFO:0001187 TF ChIP-seq HDAC1 genetically modified (insertion) using CRISPR targeting H. sapiens HDAC1,.,TF ChIP-seq,EFO:0001187,HepG2,cell_line,child,HDAC1,encode,single,True,0.737365186214447
334,EFO:0001187 TF ChIP-seq HDAC2,.,TF ChIP-seq,EFO:0001187,HepG2,cell_line,child,HDAC2,encode,single,False,1.0571244955062866
335,EFO:0001187 TF ChIP-seq HDAC2 genetically modified (insertion) using CRISPR targeting H. sapiens HDAC2,.,TF ChIP-seq,EFO:0001187,HepG2,cell_line,child,HDAC2,encode,single,True,0.8557186126708984
336,EFO:0001187 TF ChIP-seq HES4 genetically modified (insertion) using CRISPR targeting H. sapiens HES4,.,TF ChIP-seq,EFO:0001187,HepG2,cell_line,child,HES4,encode,single,True,0.9328177571296692
337,EFO:0001187 TF ChIP-seq HHEX genetically modified (insertion) using CRISPR targeting H. sapiens HHEX,.,TF ChIP-seq,EFO:0001187,HepG2,cell_line,child,HHEX,encode,single,True,0.9259557723999023
338,EFO:0001187 TF ChIP-seq HIC2 genetically modified (insertion) using CRISPR targeting H. sapiens HIC2,.,TF ChIP-seq,EFO:0001187,HepG2,cell_line,child,HIC2,encode,single,True,0.8527292609214783
339,EFO:0001187 TF ChIP-seq HINFP genetically modified (insertion) using CRISPR targeting H. sapiens HINFP,.,TF ChIP-seq,EFO:0001187,HepG2,cell_line,child,HINFP,encode,single,True,0.9859409332275391
340,EFO:0001187 TF ChIP-seq HIVEP1 genetically modified (insertion) using CRISPR targeting H. sapiens HIVEP1,.,TF ChIP-seq,EFO:0001187,HepG2,cell_line,child,HIVEP1,encode,single,True,0.9267089366912842
341,EFO:0001187 TF ChIP-seq HLF genetically modified (insertion) using CRISPR targeting H. sapiens HLF,.,TF ChIP-seq,EFO:0001187,HepG2,cell_line,child,HLF,encode,single,True,0.7414057850837708
342,EFO:0001187 TF ChIP-seq HMG20A genetically modified (insertion) using CRISPR targeting H. sapiens HMG20A,.,TF ChIP-seq,EFO:0001187,HepG2,cell_line,child,HMG20A,encode,single,True,0.9154618978500366
343,EFO:0001187 TF ChIP-seq HMG20B genetically modified (insertion) using CRISPR targeting H. sapiens HMG20B,.,TF ChIP-seq,EFO:0001187,HepG2,cell_line,child,HMG20B,encode,single,True,0.912163257598877
344,EFO:0001187 TF ChIP-seq HMGA1 genetically modified (insertion) using CRISPR targeting H. sapiens HMGA1,.,TF ChIP-seq,EFO:0001187,HepG2,cell_line,child,HMGA1,encode,single,True,0.9891459941864014
345,EFO:0001187 TF ChIP-seq HMGXB3 genetically modified (insertion) using CRISPR targeting H. sapiens HMGXB3,.,TF ChIP-seq,EFO:0001187,HepG2,cell_line,child,HMGXB3,encode,single,True,0.8381025195121765
346,EFO:0001187 TF ChIP-seq HMGXB4 genetically modified (insertion) using CRISPR targeting H. sapiens HMGXB4,.,TF ChIP-seq,EFO:0001187,HepG2,cell_line,child,HMGXB4,encode,single,True,0.7631290555000305
347,EFO:0001187 TF ChIP-seq HNF1A,.,TF ChIP-seq,EFO:0001187,HepG2,cell_line,child,HNF1A,encode,single,False,0.8505245447158813
348,EFO:0001187 TF ChIP-seq HNF1A genetically modified (insertion) using CRISPR targeting H. sapiens HNF1A,.,TF ChIP-seq,EFO:0001187,HepG2,cell_line,child,HNF1A,encode,single,True,0.8400798439979553
349,EFO:0001187 TF ChIP-seq HNF1B genetically modified (insertion) using CRISPR targeting H. sapiens HNF1B,.,TF ChIP-seq,EFO:0001187,HepG2,cell_line,child,HNF1B,encode,single,True,0.7699143886566162
350,EFO:0001187 TF ChIP-seq HNF4A,.,TF ChIP-seq,EFO:0001187,HepG2,cell_line,child,HNF4A,encode,single,False,2.1114625930786133
351,EFO:0001187 TF ChIP-seq HNF4A genetically modified (insertion) using CRISPR targeting H. sapiens HNF4A,.,TF ChIP-seq,EFO:0001187,HepG2,cell_line,child,HNF4A,encode,single,True,0.7774928212165833
352,EFO:0001187 TF ChIP-seq HNF4G,.,TF ChIP-seq,EFO:0001187,HepG2,cell_line,child,HNF4G,encode,single,False,0.8917911052703857
353,EFO:0001187 TF ChIP-seq HNF4G genetically modified (insertion) using CRISPR targeting H. sapiens HNF4G,.,TF ChIP-seq,EFO:0001187,HepG2,cell_line,child,HNF4G,encode,single,True,0.9067245721817017
354,EFO:0001187 TF ChIP-seq HNRNPL,.,TF ChIP-seq,EFO:0001187,HepG2,cell_line,child,HNRNPL,encode,single,False,1.1379462480545044
355,EFO:0001187 TF ChIP-seq HOMEZ genetically modified (insertion) using CRISPR targeting H. sapiens HOMEZ,.,TF ChIP-seq,EFO:0001187,HepG2,cell_line,child,HOMEZ,encode,single,True,1.0409910678863525
356,EFO:0001187 TF ChIP-seq HOXA10 genetically modified (insertion) using CRISPR targeting H. sapiens HOXA10,.,TF ChIP-seq,EFO:0001187,HepG2,cell_line,child,HOXA10,encode,single,True,0.7787760496139526
357,EFO:0001187 TF ChIP-seq HOXA3 genetically modified (insertion) using CRISPR targeting H. sapiens HOXA3,.,TF ChIP-seq,EFO:0001187,HepG2,cell_line,child,HOXA3,encode,single,True,0.9468487501144409
358,EFO:0001187 TF ChIP-seq HOXA5 genetically modified (insertion) using CRISPR targeting H. sapiens HOXA5,.,TF ChIP-seq,EFO:0001187,HepG2,cell_line,child,HOXA5,encode,single,True,0.895253598690033
359,EFO:0001187 TF ChIP-seq HOXA9 genetically modified (insertion) using CRISPR targeting H. sapiens HOXA9,.,TF ChIP-seq,EFO:0001187,HepG2,cell_line,child,HOXA9,encode,single,True,0.8470037579536438
360,EFO:0001187 TF ChIP-seq HOXD1 genetically modified (insertion) using CRISPR targeting H. sapiens HOXD1,.,TF ChIP-seq,EFO:0001187,HepG2,cell_line,child,HOXD1,encode,single,True,0.949165940284729
361,EFO:0001187 TF ChIP-seq IKZF5 genetically modified (insertion) using CRISPR targeting H. sapiens IKZF5,.,TF ChIP-seq,EFO:0001187,HepG2,cell_line,child,IKZF5,encode,single,True,0.9536506533622742
362,EFO:0001187 TF ChIP-seq IRF2 genetically modified (insertion) using CRISPR targeting H. sapiens IRF2,.,TF ChIP-seq,EFO:0001187,HepG2,cell_line,child,IRF2,encode,single,True,0.996667206287384
363,EFO:0001187 TF ChIP-seq IRF5 genetically modified (insertion) using CRISPR targeting H. sapiens IRF5,.,TF ChIP-seq,EFO:0001187,HepG2,cell_line,child,IRF5,encode,single,True,0.8235814571380615
364,EFO:0001187 TF ChIP-seq IRF9 genetically modified (insertion) using CRISPR targeting H. sapiens IRF9,.,TF ChIP-seq,EFO:0001187,HepG2,cell_line,child,IRF9,encode,single,True,0.862970232963562
365,EFO:0001187 TF ChIP-seq IRX3 genetically modified (insertion) using CRISPR targeting H. sapiens IRX3,.,TF ChIP-seq,EFO:0001187,HepG2,cell_line,child,IRX3,encode,single,True,0.9514657258987427
366,EFO:0001187 TF ChIP-seq ISL2 genetically modified (insertion) using CRISPR targeting H. sapiens ISL2,.,TF ChIP-seq,EFO:0001187,HepG2,cell_line,child,ISL2,encode,single,True,0.7776180505752563
367,EFO:0001187 TF ChIP-seq JRK genetically modified (insertion) using CRISPR targeting H. sapiens JRK,.,TF ChIP-seq,EFO:0001187,HepG2,cell_line,child,JRK,encode,single,True,0.7808650135993958
368,EFO:0001187 TF ChIP-seq JUN,.,TF ChIP-seq,EFO:0001187,HepG2,cell_line,child,JUN,encode,single,False,0.9719169735908508
369,EFO:0001187 TF ChIP-seq JUN genetically modified (insertion) using CRISPR targeting H. sapiens JUN,.,TF ChIP-seq,EFO:0001187,HepG2,cell_line,child,JUN,encode,single,True,0.9014906287193298
370,EFO:0001187 TF ChIP-seq JUNB genetically modified (insertion) using CRISPR targeting H. sapiens JUNB,.,TF ChIP-seq,EFO:0001187,HepG2,cell_line,child,JUNB,encode,single,True,0.7203683853149414
371,EFO:0001187 TF ChIP-seq JUND,.,TF ChIP-seq,EFO:0001187,HepG2,cell_line,child,JUND,encode,single,False,0.7910395860671997
372,EFO:0001187 TF ChIP-seq JUND genetically modified (insertion) using CRISPR targeting H. sapiens JUND,.,TF ChIP-seq,EFO:0001187,HepG2,cell_line,child,JUND,encode,single,True,0.8167651295661926
373,EFO:0001187 TF ChIP-seq KAT7 genetically modified (insertion) using CRISPR targeting H. sapiens KAT7,.,TF ChIP-seq,EFO:0001187,HepG2,cell_line,child,KAT7,encode,single,True,0.9321450591087341
374,EFO:0001187 TF ChIP-seq KAT8 genetically modified (insertion) using CRISPR targeting H. sapiens KAT8,.,TF ChIP-seq,EFO:0001187,HepG2,cell_line,child,KAT8,encode,single,True,0.8809491991996765
375,EFO:0001187 TF ChIP-seq KDM1A,.,TF ChIP-seq,EFO:0001187,HepG2,cell_line,child,KDM1A,encode,single,False,0.7607282400131226
376,EFO:0001187 TF ChIP-seq KDM1A genetically modified (insertion) using CRISPR targeting H. sapiens KDM1A,.,TF ChIP-seq,EFO:0001187,HepG2,cell_line,child,KDM1A,encode,single,True,1.1691986322402954
377,EFO:0001187 TF ChIP-seq KDM2A genetically modified (insertion) using CRISPR targeting H. sapiens KDM2A,.,TF ChIP-seq,EFO:0001187,HepG2,cell_line,child,KDM2A,encode,single,True,1.291098952293396
378,EFO:0001187 TF ChIP-seq KDM3A genetically modified (insertion) using CRISPR targeting H. sapiens KDM3A,.,TF ChIP-seq,EFO:0001187,HepG2,cell_line,child,KDM3A,encode,single,True,0.9718155264854431
379,EFO:0001187 TF ChIP-seq KDM4B genetically modified (insertion) using CRISPR targeting H. sapiens KDM4B,.,TF ChIP-seq,EFO:0001187,HepG2,cell_line,child,KDM4B,encode,single,True,1.1509298086166382
380,EFO:0001187 TF ChIP-seq KDM5A,.,TF ChIP-seq,EFO:0001187,HepG2,cell_line,child,KDM5A,encode,single,False,0.7970802187919617
381,EFO:0001187 TF ChIP-seq KDM5B genetically modified (insertion) using CRISPR targeting H. sapiens KDM5B,.,TF ChIP-seq,EFO:0001187,HepG2,cell_line,child,KDM5B,encode,single,True,0.8047557473182678
382,EFO:0001187 TF ChIP-seq KDM6A genetically modified (insertion) using CRISPR targeting H. sapiens KDM6A,.,TF ChIP-seq,EFO:0001187,HepG2,cell_line,child,KDM6A,encode,single,True,1.0480748414993286
383,EFO:0001187 TF ChIP-seq KLF11 genetically modified (insertion) using CRISPR targeting H. sapiens KLF11,.,TF ChIP-seq,EFO:0001187,HepG2,cell_line,child,KLF11,encode,single,True,0.9424619078636169
384,EFO:0001187 TF ChIP-seq KLF12 genetically modified (insertion) using CRISPR targeting H. sapiens KLF12,.,TF ChIP-seq,EFO:0001187,HepG2,cell_line,child,KLF12,encode,single,True,0.9071261882781982
385,EFO:0001187 TF ChIP-seq KLF16 genetically modified (insertion) using CRISPR targeting H. sapiens KLF16,.,TF ChIP-seq,EFO:0001187,HepG2,cell_line,child,KLF16,encode,single,True,0.8868481516838074
386,EFO:0001187 TF ChIP-seq KLF6 genetically modified (insertion) using CRISPR targeting H. sapiens KLF6,.,TF ChIP-seq,EFO:0001187,HepG2,cell_line,child,KLF6,encode,single,True,1.141614556312561
387,EFO:0001187 TF ChIP-seq KLF9 genetically modified (insertion) using CRISPR targeting H. sapiens KLF9,.,TF ChIP-seq,EFO:0001187,HepG2,cell_line,child,KLF9,encode,single,True,1.1526613235473633
388,EFO:0001187 TF ChIP-seq KMT2A genetically modified (insertion) using CRISPR targeting H. sapiens KMT2A,.,TF ChIP-seq,EFO:0001187,HepG2,cell_line,child,KMT2A,encode,single,True,0.9038779139518738
389,EFO:0001187 TF ChIP-seq KMT2B genetically modified (insertion) using CRISPR targeting H. sapiens KMT2B,.,TF ChIP-seq,EFO:0001187,HepG2,cell_line,child,KMT2B,encode,single,True,0.8935264945030212
390,EFO:0001187 TF ChIP-seq LBX2 genetically modified (insertion) using CRISPR targeting H. sapiens LBX2,.,TF ChIP-seq,EFO:0001187,HepG2,cell_line,child,LBX2,encode,single,True,1.0390533208847046
391,EFO:0001187 TF ChIP-seq LCOR genetically modified (insertion) using CRISPR targeting H. sapiens LCOR,.,TF ChIP-seq,EFO:0001187,HepG2,cell_line,child,LCOR,encode,single,True,0.9788844585418701
392,EFO:0001187 TF ChIP-seq LCORL genetically modified (insertion) using CRISPR targeting H. sapiens LCORL,.,TF ChIP-seq,EFO:0001187,HepG2,cell_line,child,LCORL,encode,single,True,0.7449824213981628
393,EFO:0001187 TF ChIP-seq LIN54 genetically modified (insertion) using CRISPR targeting H. sapiens LIN54,.,TF ChIP-seq,EFO:0001187,HepG2,cell_line,child,LIN54,encode,single,True,0.668507993221283
394,EFO:0001187 TF ChIP-seq MAFF,.,TF ChIP-seq,EFO:0001187,HepG2,cell_line,child,MAFF,encode,single,False,1.0693044662475586
395,EFO:0001187 TF ChIP-seq MAFK,.,TF ChIP-seq,EFO:0001187,HepG2,cell_line,child,MAFK,encode,single,False,0.7592166662216187
396,EFO:0001187 TF ChIP-seq MAX,.,TF ChIP-seq,EFO:0001187,HepG2,cell_line,child,MAX,encode,single,False,0.7345672845840454
397,EFO:0001187 TF ChIP-seq MAX genetically modified (insertion) using CRISPR targeting H. sapiens MAX,.,TF ChIP-seq,EFO:0001187,HepG2,cell_line,child,MAX,encode,single,True,0.7718337774276733
398,EFO:0001187 TF ChIP-seq MAZ,.,TF ChIP-seq,EFO:0001187,HepG2,cell_line,child,MAZ,encode,single,False,0.9855629205703735
399,EFO:0001187 TF ChIP-seq MAZ genetically modified (insertion) using CRISPR targeting H. sapiens MAZ,.,TF ChIP-seq,EFO:0001187,HepG2,cell_line,child,MAZ,encode,single,True,0.9352207779884338
400,EFO:0001187 TF ChIP-seq MBD1 genetically modified (insertion) using CRISPR targeting H. sapiens MBD1,.,TF ChIP-seq,EFO:0001187,HepG2,cell_line,child,MBD1,encode,single,True,0.767863929271698
401,EFO:0001187 TF ChIP-seq MED1 genetically modified (insertion) using CRISPR targeting H. sapiens MED1,.,TF ChIP-seq,EFO:0001187,HepG2,cell_line,child,MED1,encode,single,True,0.7506836652755737
402,EFO:0001187 TF ChIP-seq MED13 genetically modified (insertion) using CRISPR targeting H. sapiens MED13,.,TF ChIP-seq,EFO:0001187,HepG2,cell_line,child,MED13,encode,single,True,0.9461348056793213
403,EFO:0001187 TF ChIP-seq MEF2A genetically modified (insertion) using CRISPR targeting H. sapiens MEF2A,.,TF ChIP-seq,EFO:0001187,HepG2,cell_line,child,MEF2A,encode,single,True,0.9211391806602478
404,EFO:0001187 TF ChIP-seq MEF2D genetically modified (insertion) using CRISPR targeting H. sapiens MEF2D,.,TF ChIP-seq,EFO:0001187,HepG2,cell_line,child,MEF2D,encode,single,True,0.7733360528945923
405,EFO:0001187 TF ChIP-seq MEIS1 genetically modified (insertion) using CRISPR targeting H. sapiens MEIS1,.,TF ChIP-seq,EFO:0001187,HepG2,cell_line,child,MEIS1,encode,single,True,0.8699821829795837
406,EFO:0001187 TF ChIP-seq MEIS2 genetically modified (insertion) using CRISPR targeting H. sapiens MEIS2,.,TF ChIP-seq,EFO:0001187,HepG2,cell_line,child,MEIS2,encode,single,True,0.9746242761611938
407,EFO:0001187 TF ChIP-seq MGA genetically modified (insertion) using CRISPR targeting H. sapiens MGA,.,TF ChIP-seq,EFO:0001187,HepG2,cell_line,child,MGA,encode,single,True,0.6775913834571838
408,EFO:0001187 TF ChIP-seq MIER2 genetically modified (insertion) using CRISPR targeting H. sapiens MIER2,.,TF ChIP-seq,EFO:0001187,HepG2,cell_line,child,MIER2,encode,single,True,0.8854577541351318
409,EFO:0001187 TF ChIP-seq MIER3 genetically modified (insertion) using CRISPR targeting H. sapiens MIER3,.,TF ChIP-seq,EFO:0001187,HepG2,cell_line,child,MIER3,encode,single,True,1.0941529273986816
410,EFO:0001187 TF ChIP-seq MIXL1 genetically modified (insertion) using CRISPR targeting H. sapiens MIXL1,.,TF ChIP-seq,EFO:0001187,HepG2,cell_line,child,MIXL1,encode,single,True,0.9499257802963257
411,EFO:0001187 TF ChIP-seq MLX genetically modified (insertion) using CRISPR targeting H. sapiens MLX,.,TF ChIP-seq,EFO:0001187,HepG2,cell_line,child,MLX,encode,single,True,0.9276852607727051
412,EFO:0001187 TF ChIP-seq MNT,.,TF ChIP-seq,EFO:0001187,HepG2,cell_line,child,MNT,encode,paired,False,0.7852568626403809
413,EFO:0001187 TF ChIP-seq MNX1 genetically modified (insertion) using CRISPR targeting H. sapiens MNX1,.,TF ChIP-seq,EFO:0001187,HepG2,cell_line,child,MNX1,encode,single,True,0.8986279964447021
414,EFO:0001187 TF ChIP-seq MTA1 genetically modified (insertion) using CRISPR targeting H. sapiens MTA1,.,TF ChIP-seq,EFO:0001187,HepG2,cell_line,child,MTA1,encode,single,True,0.916018009185791
415,EFO:0001187 TF ChIP-seq MTERF2 genetically modified (insertion) using CRISPR targeting MTERF2,.,TF ChIP-seq,EFO:0001187,HepG2,cell_line,child,MTERF2,encode,single,True,0.9842692613601685
416,EFO:0001187 TF ChIP-seq MTERF4 genetically modified (insertion) using CRISPR targeting H. sapiens MTERF4,.,TF ChIP-seq,EFO:0001187,HepG2,cell_line,child,MTERF4,encode,single,True,0.8370930552482605
417,EFO:0001187 TF ChIP-seq MTF2 genetically modified (insertion) using CRISPR targeting H. sapiens MTF2,.,TF ChIP-seq,EFO:0001187,HepG2,cell_line,child,MTF2,encode,single,True,0.8092882037162781
418,EFO:0001187 TF ChIP-seq MXD1 genetically modified (insertion) using CRISPR targeting H. sapiens MXD1,.,TF ChIP-seq,EFO:0001187,HepG2,cell_line,child,MXD1,encode,single,True,0.8651670813560486
419,EFO:0001187 TF ChIP-seq MXD3 genetically modified (insertion) using CRISPR targeting H. sapiens MXD3,.,TF ChIP-seq,EFO:0001187,HepG2,cell_line,child,MXD3,encode,single,True,0.9163497090339661
420,EFO:0001187 TF ChIP-seq MXD4 genetically modified (insertion) using CRISPR targeting H. sapiens MXD4,.,TF ChIP-seq,EFO:0001187,HepG2,cell_line,child,MXD4,encode,single,True,0.8524300456047058
421,EFO:0001187 TF ChIP-seq MXI1,.,TF ChIP-seq,EFO:0001187,HepG2,cell_line,child,MXI1,encode,single,False,0.8685661554336548
422,EFO:0001187 TF ChIP-seq MYBL2,.,TF ChIP-seq,EFO:0001187,HepG2,cell_line,child,MYBL2,encode,single,False,0.7688246965408325
423,EFO:0001187 TF ChIP-seq MYBL2 genetically modified (insertion) using CRISPR targeting H. sapiens MYBL2,.,TF ChIP-seq,EFO:0001187,HepG2,cell_line,child,MYBL2,encode,single,True,0.8381991982460022
424,EFO:0001187 TF ChIP-seq MYC genetically modified (insertion) using CRISPR targeting H. sapiens MYC,.,TF ChIP-seq,EFO:0001187,HepG2,cell_line,child,MYC,encode,single,True,0.975422739982605
425,EFO:0001187 TF ChIP-seq MYPOP genetically modified (insertion) using CRISPR targeting H. sapiens MYPOP,.,TF ChIP-seq,EFO:0001187,HepG2,cell_line,child,MYPOP,encode,single,True,0.7448338270187378
426,EFO:0001187 TF ChIP-seq NACC2 genetically modified (insertion) using CRISPR targeting H. sapiens NACC2,.,TF ChIP-seq,EFO:0001187,HepG2,cell_line,child,NACC2,encode,single,True,0.7920827865600586
427,EFO:0001187 TF ChIP-seq NAIF1 genetically modified (insertion) using CRISPR targeting H. sapiens NAIF1,.,TF ChIP-seq,EFO:0001187,HepG2,cell_line,child,NAIF1,encode,single,True,0.719649076461792
428,EFO:0001187 TF ChIP-seq NCOA1 genetically modified (insertion) using CRISPR targeting H. sapiens NCOA1,.,TF ChIP-seq,EFO:0001187,HepG2,cell_line,child,NCOA1,encode,single,True,0.8247124552726746
429,EFO:0001187 TF ChIP-seq NCOA2 genetically modified (insertion) using CRISPR targeting H. sapiens NCOA2,.,TF ChIP-seq,EFO:0001187,HepG2,cell_line,child,NCOA2,encode,single,True,0.7357525825500488
430,EFO:0001187 TF ChIP-seq NCOR1,.,TF ChIP-seq,EFO:0001187,HepG2,cell_line,child,NCOR1,encode,single,False,0.8372277617454529
431,EFO:0001187 TF ChIP-seq NFAT5 genetically modified (insertion) using CRISPR targeting H. sapiens NFAT5,.,TF ChIP-seq,EFO:0001187,HepG2,cell_line,child,NFAT5,encode,single,True,0.9975798726081848
432,EFO:0001187 TF ChIP-seq NFE2L2,.,TF ChIP-seq,EFO:0001187,HepG2,cell_line,child,NFE2L2,encode,single,False,0.9190858006477356
433,EFO:0001187 TF ChIP-seq NFIA genetically modified (insertion) using CRISPR targeting H. sapiens NFIA,.,TF ChIP-seq,EFO:0001187,HepG2,cell_line,child,NFIA,encode,single,True,0.8611992597579956
434,EFO:0001187 TF ChIP-seq NFIC,.,TF ChIP-seq,EFO:0001187,HepG2,cell_line,child,NFIC,encode,single,False,0.8097487688064575
435,EFO:0001187 TF ChIP-seq NFIL3 genetically modified (insertion) using CRISPR targeting H. sapiens NFIL3,.,TF ChIP-seq,EFO:0001187,HepG2,cell_line,child,NFIL3,encode,single,True,1.0022056102752686
436,EFO:0001187 TF ChIP-seq NFKB2 genetically modified (insertion) using CRISPR targeting H. sapiens NFKB2,.,TF ChIP-seq,EFO:0001187,HepG2,cell_line,child,NFKB2,encode,single,True,0.9625778794288635
437,EFO:0001187 TF ChIP-seq NFKBIZ genetically modified (insertion) using CRISPR targeting H. sapiens NFKBIZ,.,TF ChIP-seq,EFO:0001187,HepG2,cell_line,child,NFKBIZ,encode,single,True,1.133967399597168
438,EFO:0001187 TF ChIP-seq NFYA genetically modified (insertion) using CRISPR targeting H. sapiens NFYA,.,TF ChIP-seq,EFO:0001187,HepG2,cell_line,child,NFYA,encode,single,True,0.7736610174179077
439,EFO:0001187 TF ChIP-seq NFYB genetically modified (insertion) using CRISPR targeting H. sapiens NFYB,.,TF ChIP-seq,EFO:0001187,HepG2,cell_line,child,NFYB,encode,single,True,0.8818619251251221
440,EFO:0001187 TF ChIP-seq NFYC genetically modified (insertion) using CRISPR targeting H. sapiens NFYC,.,TF ChIP-seq,EFO:0001187,HepG2,cell_line,child,NFYC,encode,single,True,0.7825515866279602
441,EFO:0001187 TF ChIP-seq NKX3-1 genetically modified (insertion) using CRISPR targeting H. sapiens NKX3-1,.,TF ChIP-seq,EFO:0001187,HepG2,cell_line,child,NKX3-1,encode,single,True,0.8665351271629333
442,EFO:0001187 TF ChIP-seq NONO,.,TF ChIP-seq,EFO:0001187,HepG2,cell_line,child,NONO,encode,single,False,1.1426379680633545
443,EFO:0001187 TF ChIP-seq NONO genetically modified (insertion) using CRISPR targeting H. sapiens NONO,.,TF ChIP-seq,EFO:0001187,HepG2,cell_line,child,NONO,encode,single,True,0.7481790781021118
444,EFO:0001187 TF ChIP-seq NR0B2 genetically modified (insertion) using CRISPR targeting H. sapiens NR0B2,.,TF ChIP-seq,EFO:0001187,HepG2,cell_line,child,NR0B2,encode,single,True,0.9056433439254761
445,EFO:0001187 TF ChIP-seq NR2C2,.,TF ChIP-seq,EFO:0001187,HepG2,cell_line,child,NR2C2,encode,single,False,1.3596266508102417
446,EFO:0001187 TF ChIP-seq NR2C2 genetically modified (insertion) using CRISPR targeting H. sapiens NR2C2,.,TF ChIP-seq,EFO:0001187,HepG2,cell_line,child,NR2C2,encode,single,True,0.7738513350486755
447,EFO:0001187 TF ChIP-seq NR2F1 genetically modified (insertion) using CRISPR targeting H. sapiens NR2F1,.,TF ChIP-seq,EFO:0001187,HepG2,cell_line,child,NR2F1,encode,paired,True,0.7655856013298035
448,EFO:0001187 TF ChIP-seq NR2F2,.,TF ChIP-seq,EFO:0001187,HepG2,cell_line,child,NR2F2,encode,single,False,0.8991380333900452
449,EFO:0001187 TF ChIP-seq NR2F6,.,TF ChIP-seq,EFO:0001187,HepG2,cell_line,child,NR2F6,encode,single,False,0.8041383028030396
450,EFO:0001187 TF ChIP-seq NR2F6 genetically modified (insertion) using CRISPR targeting H. sapiens NR2F6,.,TF ChIP-seq,EFO:0001187,HepG2,cell_line,child,NR2F6,encode,single,True,0.9790191650390625
451,EFO:0001187 TF ChIP-seq NR5A1 genetically modified (insertion) using CRISPR targeting H. sapiens NR5A1,.,TF ChIP-seq,EFO:0001187,HepG2,cell_line,child,NR5A1,encode,single,True,0.7186427116394043
452,EFO:0001187 TF ChIP-seq NRF1,.,TF ChIP-seq,EFO:0001187,HepG2,cell_line,child,NRF1,encode,single,False,0.9646556973457336
453,EFO:0001187 TF ChIP-seq NRF1 genetically modified (insertion) using CRISPR targeting H. sapiens NRF1,.,TF ChIP-seq,EFO:0001187,HepG2,cell_line,child,NRF1,encode,single,True,0.8005531430244446
454,EFO:0001187 TF ChIP-seq NRL genetically modified (insertion) using CRISPR targeting H. sapiens NRL,.,TF ChIP-seq,EFO:0001187,HepG2,cell_line,child,NRL,encode,single,True,0.9735866785049438
455,EFO:0001187 TF ChIP-seq ONECUT1 genetically modified (insertion) using CRISPR targeting H. sapiens ONECUT1,.,TF ChIP-seq,EFO:0001187,HepG2,cell_line,child,ONECUT1,encode,single,True,0.790457546710968
456,EFO:0001187 TF ChIP-seq ONECUT2 genetically modified (insertion) using CRISPR targeting H. sapiens ONECUT2,.,TF ChIP-seq,EFO:0001187,HepG2,cell_line,child,ONECUT2,encode,single,True,0.9098708629608154
457,EFO:0001187 TF ChIP-seq PATZ1 genetically modified (insertion) using CRISPR targeting H. sapiens PATZ1,.,TF ChIP-seq,EFO:0001187,HepG2,cell_line,child,PATZ1,encode,single,True,0.9359710216522217
458,EFO:0001187 TF ChIP-seq PAX8 genetically modified (insertion) using CRISPR targeting H. sapiens PAX8,.,TF ChIP-seq,EFO:0001187,HepG2,cell_line,child,PAX8,encode,single,True,0.9743540287017822
459,EFO:0001187 TF ChIP-seq PAXIP1 genetically modified (insertion) using CRISPR targeting H. sapiens PAXIP1,.,TF ChIP-seq,EFO:0001187,HepG2,cell_line,child,PAXIP1,encode,single,True,0.8004417419433594
460,EFO:0001187 TF ChIP-seq PBX2 genetically modified (insertion) using CRISPR targeting H. sapiens PBX2,.,TF ChIP-seq,EFO:0001187,HepG2,cell_line,child,PBX2,encode,single,True,0.881749153137207
461,EFO:0001187 TF ChIP-seq PCBP1,.,TF ChIP-seq,EFO:0001187,HepG2,cell_line,child,PCBP1,encode,single,False,1.2073887586593628
462,EFO:0001187 TF ChIP-seq PHF20 genetically modified (insertion) using CRISPR targeting H. sapiens PHF20,.,TF ChIP-seq,EFO:0001187,HepG2,cell_line,child,PHF20,encode,single,True,0.769675076007843
463,EFO:0001187 TF ChIP-seq PHF21A genetically modified (insertion) using CRISPR targeting H. sapiens PHF21A,.,TF ChIP-seq,EFO:0001187,HepG2,cell_line,child,PHF21A,encode,single,True,0.6937996745109558
464,EFO:0001187 TF ChIP-seq PHF5A genetically modified (insertion) using CRISPR targeting H. sapiens PHF5A,.,TF ChIP-seq,EFO:0001187,HepG2,cell_line,child,PHF5A,encode,single,True,1.83791983127594
465,EFO:0001187 TF ChIP-seq PHF8 genetically modified (insertion) using CRISPR targeting H. sapiens PHF8,.,TF ChIP-seq,EFO:0001187,HepG2,cell_line,child,PHF8,encode,single,True,0.874377965927124
466,EFO:0001187 TF ChIP-seq PITX1 genetically modified (insertion) using CRISPR targeting H. sapiens PITX1,.,TF ChIP-seq,EFO:0001187,HepG2,cell_line,child,PITX1,encode,single,True,0.7807844877243042
467,EFO:0001187 TF ChIP-seq POGK genetically modified (insertion) using CRISPR targeting H. sapiens POGK,.,TF ChIP-seq,EFO:0001187,HepG2,cell_line,child,POGK,encode,single,True,0.8230445384979248
468,EFO:0001187 TF ChIP-seq POGZ genetically modified (insertion) using CRISPR targeting H. sapiens POGZ,.,TF ChIP-seq,EFO:0001187,HepG2,cell_line,child,POGZ,encode,single,True,0.755085289478302
469,EFO:0001187 TF ChIP-seq POLR2A,.,TF ChIP-seq,EFO:0001187,HepG2,cell_line,child,POLR2A,encode,single,False,1.2048081159591675
470,EFO:0001187 TF ChIP-seq POLR2AphosphoS2,.,TF ChIP-seq,EFO:0001187,HepG2,cell_line,child,POLR2AphosphoS2,encode,single,False,1.0297231674194336
471,EFO:0001187 TF ChIP-seq POLR2AphosphoS5,.,TF ChIP-seq,EFO:0001187,HepG2,cell_line,child,POLR2AphosphoS5,encode,single,False,0.9985802173614502
472,EFO:0001187 TF ChIP-seq POLR2G,.,TF ChIP-seq,EFO:0001187,HepG2,cell_line,child,POLR2G,encode,single,False,1.722925066947937
473,EFO:0001187 TF ChIP-seq POU2F1 genetically modified (insertion) using CRISPR targeting H. sapiens POU2F1,.,TF ChIP-seq,EFO:0001187,HepG2,cell_line,child,POU2F1,encode,single,True,0.8800401091575623
474,EFO:0001187 TF ChIP-seq PPARG genetically modified (insertion) using CRISPR targeting H. sapiens PPARG,.,TF ChIP-seq,EFO:0001187,HepG2,cell_line,child,PPARG,encode,single,True,0.8973637819290161
475,EFO:0001187 TF ChIP-seq PRDM10 genetically modified (insertion) using CRISPR targeting H. sapiens PRDM10,.,TF ChIP-seq,EFO:0001187,HepG2,cell_line,child,PRDM10,encode,single,True,1.074041485786438
476,EFO:0001187 TF ChIP-seq PRDM15 genetically modified (insertion) using CRISPR targeting H. sapiens PRDM15,.,TF ChIP-seq,EFO:0001187,HepG2,cell_line,child,PRDM15,encode,single,True,0.7786188721656799
477,EFO:0001187 TF ChIP-seq PRMT3 genetically modified (insertion) using CRISPR targeting H. sapiens PRMT3,.,TF ChIP-seq,EFO:0001187,HepG2,cell_line,child,PRMT3,encode,single,True,1.0405604839324951
478,EFO:0001187 TF ChIP-seq PROX1 genetically modified (insertion) using CRISPR targeting H. sapiens PROX1,.,TF ChIP-seq,EFO:0001187,HepG2,cell_line,child,PROX1,encode,single,True,0.7121201157569885
479,EFO:0001187 TF ChIP-seq RAD21,.,TF ChIP-seq,EFO:0001187,HepG2,cell_line,child,RAD21,encode,single,False,0.7698554992675781
480,EFO:0001187 TF ChIP-seq RAD21 genetically modified (insertion) using CRISPR targeting H. sapiens RAD21,.,TF ChIP-seq,EFO:0001187,HepG2,cell_line,child,RAD21,encode,paired,True,0.7914780378341675
481,EFO:0001187 TF ChIP-seq RAD51,.,TF ChIP-seq,EFO:0001187,HepG2,cell_line,child,RAD51,encode,paired,False,0.8011700510978699
482,EFO:0001187 TF ChIP-seq RARA genetically modified (insertion) using CRISPR targeting H. sapiens RARA,.,TF ChIP-seq,EFO:0001187,HepG2,cell_line,child,RARA,encode,single,True,0.9285250902175903
483,EFO:0001187 TF ChIP-seq RBFOX2,.,TF ChIP-seq,EFO:0001187,HepG2,cell_line,child,RBFOX2,encode,single,False,1.998249888420105
484,EFO:0001187 TF ChIP-seq RBM22,.,TF ChIP-seq,EFO:0001187,HepG2,cell_line,child,RBM22,encode,single,False,1.1799737215042114
485,EFO:0001187 TF ChIP-seq RBPJ genetically modified (insertion) using CRISPR targeting H. sapiens RBPJ,.,TF ChIP-seq,EFO:0001187,HepG2,cell_line,child,RBPJ,encode,single,True,0.8219013810157776
486,EFO:0001187 TF ChIP-seq RCOR2 genetically modified (insertion) using CRISPR targeting H. sapiens RCOR2,.,TF ChIP-seq,EFO:0001187,HepG2,cell_line,child,RCOR2,encode,single,True,0.9226512312889099
487,EFO:0001187 TF ChIP-seq REL genetically modified (insertion) using CRISPR targeting H. sapiens REL,.,TF ChIP-seq,EFO:0001187,HepG2,cell_line,child,REL,encode,single,True,1.0532374382019043
488,EFO:0001187 TF ChIP-seq REPIN1 genetically modified (insertion) using CRISPR targeting H. sapiens REPIN1,.,TF ChIP-seq,EFO:0001187,HepG2,cell_line,child,REPIN1,encode,single,True,0.925352931022644
489,EFO:0001187 TF ChIP-seq RERE genetically modified (insertion) using CRISPR targeting H. sapiens RERE,.,TF ChIP-seq,EFO:0001187,HepG2,cell_line,child,RERE,encode,single,True,1.0478590726852417
490,EFO:0001187 TF ChIP-seq REST,.,TF ChIP-seq,EFO:0001187,HepG2,cell_line,child,REST,encode,single,False,0.7586206793785095
491,EFO:0001187 TF ChIP-seq RFX1,.,TF ChIP-seq,EFO:0001187,HepG2,cell_line,child,RFX1,encode,paired,False,0.7884061932563782
492,EFO:0001187 TF ChIP-seq RFX3 genetically modified (insertion) using CRISPR targeting H. sapiens RFX3,.,TF ChIP-seq,EFO:0001187,HepG2,cell_line,child,RFX3,encode,single,True,0.8227242827415466
493,EFO:0001187 TF ChIP-seq RFX5,.,TF ChIP-seq,EFO:0001187,HepG2,cell_line,child,RFX5,encode,single,False,0.9266942739486694
494,EFO:0001187 TF ChIP-seq RFXANK genetically modified (insertion) using CRISPR targeting H. sapiens RFXANK,.,TF ChIP-seq,EFO:0001187,HepG2,cell_line,child,RFXANK,encode,single,True,0.9498895406723022
495,EFO:0001187 TF ChIP-seq RFXAP genetically modified (insertion) using CRISPR targeting H. sapiens RFXAP,.,TF ChIP-seq,EFO:0001187,HepG2,cell_line,child,RFXAP,encode,single,True,0.7844979166984558
496,EFO:0001187 TF ChIP-seq RNF2,.,TF ChIP-seq,EFO:0001187,HepG2,cell_line,child,RNF2,encode,paired,False,0.816886305809021
497,EFO:0001187 TF ChIP-seq RREB1 genetically modified (insertion) using CRISPR targeting H. sapiens RREB1,.,TF ChIP-seq,EFO:0001187,HepG2,cell_line,child,RREB1,encode,single,True,1.0106076002120972
498,EFO:0001187 TF ChIP-seq RXRA,.,TF ChIP-seq,EFO:0001187,HepG2,cell_line,child,RXRA,encode,single,False,1.197197437286377
499,EFO:0001187 TF ChIP-seq RXRA genetically modified (insertion) using CRISPR targeting H. sapiens RXRA,.,TF ChIP-seq,EFO:0001187,HepG2,cell_line,child,RXRA,encode,single,True,1.1213041543960571
500,EFO:0001187 TF ChIP-seq RXRB genetically modified (insertion) using CRISPR targeting H. sapiens RXRB,.,TF ChIP-seq,EFO:0001187,HepG2,cell_line,child,RXRB,encode,single,True,0.8612909913063049
501,EFO:0001187 TF ChIP-seq SAFB2 genetically modified (insertion) using CRISPR targeting H. sapiens SAFB2,.,TF ChIP-seq,EFO:0001187,HepG2,cell_line,child,SAFB2,encode,single,True,1.031803011894226
502,EFO:0001187 TF ChIP-seq SALL1 genetically modified (insertion) using CRISPR targeting H. sapiens SALL1,.,TF ChIP-seq,EFO:0001187,HepG2,cell_line,child,SALL1,encode,single,True,0.9423276782035828
503,EFO:0001187 TF ChIP-seq SALL2 genetically modified (insertion) using CRISPR targeting H. sapiens SALL2,.,TF ChIP-seq,EFO:0001187,HepG2,cell_line,child,SALL2,encode,single,True,0.9552118182182312
504,EFO:0001187 TF ChIP-seq SAP130 genetically modified (insertion) using CRISPR targeting H. sapiens SAP130,.,TF ChIP-seq,EFO:0001187,HepG2,cell_line,child,SAP130,encode,single,True,1.1284693479537964
505,EFO:0001187 TF ChIP-seq SFPQ genetically modified (insertion) using CRISPR targeting H. sapiens SFPQ,.,TF ChIP-seq,EFO:0001187,HepG2,cell_line,child,SFPQ,encode,single,True,0.7817854881286621
506,EFO:0001187 TF ChIP-seq SIN3A,.,TF ChIP-seq,EFO:0001187,HepG2,cell_line,child,SIN3A,encode,single,False,1.0873051881790161
507,EFO:0001187 TF ChIP-seq SIX1 genetically modified (insertion) using CRISPR targeting H. sapiens SIX1,.,TF ChIP-seq,EFO:0001187,HepG2,cell_line,child,SIX1,encode,single,True,0.9503000378608704
508,EFO:0001187 TF ChIP-seq SIX4 genetically modified (insertion) using CRISPR targeting H. sapiens SIX4,.,TF ChIP-seq,EFO:0001187,HepG2,cell_line,child,SIX4,encode,single,True,0.9222257733345032
509,EFO:0001187 TF ChIP-seq SKI,.,TF ChIP-seq,EFO:0001187,HepG2,cell_line,child,SKI,encode,paired,False,0.8008700609207153
510,EFO:0001187 TF ChIP-seq SKIL genetically modified (insertion) using CRISPR targeting H. sapiens SKIL,.,TF ChIP-seq,EFO:0001187,HepG2,cell_line,child,SKIL,encode,single,True,0.7631751298904419
511,EFO:0001187 TF ChIP-seq SMAD1 genetically modified (insertion) using CRISPR targeting H. sapiens SMAD1,.,TF ChIP-seq,EFO:0001187,HepG2,cell_line,child,SMAD1,encode,single,True,0.986376166343689
512,EFO:0001187 TF ChIP-seq SMAD3 genetically modified (insertion) using CRISPR targeting H. sapiens SMAD3,.,TF ChIP-seq,EFO:0001187,HepG2,cell_line,child,SMAD3,encode,single,True,1.0293339490890503
513,EFO:0001187 TF ChIP-seq SMAD4 genetically modified (insertion) using CRISPR targeting H. sapiens SMAD4,.,TF ChIP-seq,EFO:0001187,HepG2,cell_line,child,SMAD4,encode,single,True,0.9015190601348877
514,EFO:0001187 TF ChIP-seq SMAD7 genetically modified (insertion) using CRISPR targeting H. sapiens SMAD7,.,TF ChIP-seq,EFO:0001187,HepG2,cell_line,child,SMAD7,encode,single,True,0.752911388874054
515,EFO:0001187 TF ChIP-seq SMC3,.,TF ChIP-seq,EFO:0001187,HepG2,cell_line,child,SMC3,encode,single,False,0.9092524647712708
516,EFO:0001187 TF ChIP-seq SMYD3 genetically modified (insertion) using CRISPR targeting H. sapiens SMYD3,.,TF ChIP-seq,EFO:0001187,HepG2,cell_line,child,SMYD3,encode,single,True,0.7420292496681213
517,EFO:0001187 TF ChIP-seq SNAI1 genetically modified (insertion) using CRISPR targeting H. sapiens SNAI1,.,TF ChIP-seq,EFO:0001187,HepG2,cell_line,child,SNAI1,encode,single,True,0.8619522452354431
518,EFO:0001187 TF ChIP-seq SNAPC2 genetically modified (insertion) using CRISPR targeting H. sapiens SNAPC2,.,TF ChIP-seq,EFO:0001187,HepG2,cell_line,child,SNAPC2,encode,single,True,0.7249414920806885
519,EFO:0001187 TF ChIP-seq SNAPC4 genetically modified (insertion) using CRISPR targeting H. sapiens SNAPC4,.,TF ChIP-seq,EFO:0001187,HepG2,cell_line,child,SNAPC4,encode,single,True,0.7284868955612183
520,EFO:0001187 TF ChIP-seq SOX13,.,TF ChIP-seq,EFO:0001187,HepG2,cell_line,child,SOX13,encode,single,False,0.903328537940979
521,EFO:0001187 TF ChIP-seq SOX13 genetically modified (insertion) using CRISPR targeting H. sapiens SOX13,.,TF ChIP-seq,EFO:0001187,HepG2,cell_line,child,SOX13,encode,single,True,0.8848525881767273
522,EFO:0001187 TF ChIP-seq SOX5 genetically modified (insertion) using CRISPR targeting H. sapiens SOX5,.,TF ChIP-seq,EFO:0001187,HepG2,cell_line,child,SOX5,encode,single,True,0.8656461834907532
523,EFO:0001187 TF ChIP-seq SOX6 genetically modified (insertion) using CRISPR targeting H. sapiens SOX6,.,TF ChIP-seq,EFO:0001187,HepG2,cell_line,child,SOX6,encode,single,True,0.6767212152481079
524,EFO:0001187 TF ChIP-seq SP1 genetically modified (insertion) using CRISPR targeting H. sapiens SP1,.,TF ChIP-seq,EFO:0001187,HepG2,cell_line,child,SP1,encode,single,True,0.996976375579834
525,EFO:0001187 TF ChIP-seq SP2 genetically modified (insertion) using CRISPR targeting H. sapiens SP2,.,TF ChIP-seq,EFO:0001187,HepG2,cell_line,child,SP2,encode,single,True,0.7717787623405457
526,EFO:0001187 TF ChIP-seq SP4 genetically modified (insertion) using CRISPR targeting H. sapiens SP4,.,TF ChIP-seq,EFO:0001187,HepG2,cell_line,child,SP4,encode,single,True,0.743215024471283
527,EFO:0001187 TF ChIP-seq SP5 genetically modified (insertion) using CRISPR targeting H. sapiens SP5,.,TF ChIP-seq,EFO:0001187,HepG2,cell_line,child,SP5,encode,single,True,1.0091557502746582
528,EFO:0001187 TF ChIP-seq SPEN genetically modified (insertion) using CRISPR targeting H. sapiens SPEN,.,TF ChIP-seq,EFO:0001187,HepG2,cell_line,child,SPEN,encode,single,True,0.944501519203186
529,EFO:0001187 TF ChIP-seq SRF,.,TF ChIP-seq,EFO:0001187,HepG2,cell_line,child,SRF,encode,single,False,1.1052981615066528
530,EFO:0001187 TF ChIP-seq SRF genetically modified (insertion) using CRISPR targeting H. sapiens SRF,.,TF ChIP-seq,EFO:0001187,HepG2,cell_line,child,SRF,encode,single,True,0.7710830569267273
531,EFO:0001187 TF ChIP-seq SRSF1,.,TF ChIP-seq,EFO:0001187,HepG2,cell_line,child,SRSF1,encode,single,False,1.1889073848724365
532,EFO:0001187 TF ChIP-seq SRY genetically modified (insertion) using CRISPR targeting H. sapiens SRY,.,TF ChIP-seq,EFO:0001187,HepG2,cell_line,child,SRY,encode,single,True,0.8186574578285217
533,EFO:0001187 TF ChIP-seq SSRP1 genetically modified (insertion) using CRISPR targeting H. sapiens SSRP1,.,TF ChIP-seq,EFO:0001187,HepG2,cell_line,child,SSRP1,encode,single,True,0.8533490896224976
534,EFO:0001187 TF ChIP-seq STAG1 genetically modified (insertion) using CRISPR targeting H. sapiens STAG1,.,TF ChIP-seq,EFO:0001187,HepG2,cell_line,child,STAG1,encode,single,True,0.8101587891578674
535,EFO:0001187 TF ChIP-seq STAT6 genetically modified (insertion) using CRISPR targeting H. sapiens STAT6,.,TF ChIP-seq,EFO:0001187,HepG2,cell_line,child,STAT6,encode,single,True,0.7716986536979675
536,EFO:0001187 TF ChIP-seq SYNCRIP,.,TF ChIP-seq,EFO:0001187,HepG2,cell_line,child,SYNCRIP,encode,single,False,1.1821725368499756
537,EFO:0001187 TF ChIP-seq TAF1,.,TF ChIP-seq,EFO:0001187,HepG2,cell_line,child,TAF1,encode,single,False,1.1410554647445679
538,EFO:0001187 TF ChIP-seq TAF1 genetically modified (insertion) using CRISPR targeting H. sapiens TAF1,.,TF ChIP-seq,EFO:0001187,HepG2,cell_line,child,TAF1,encode,single,True,0.8850846290588379
539,EFO:0001187 TF ChIP-seq TARDBP genetically modified (insertion) using CRISPR targeting H. sapiens TARDBP,.,TF ChIP-seq,EFO:0001187,HepG2,cell_line,child,TARDBP,encode,single,True,0.7415699362754822
540,EFO:0001187 TF ChIP-seq TBL1XR1,.,TF ChIP-seq,EFO:0001187,HepG2,cell_line,child,TBL1XR1,encode,single,False,0.9321562051773071
541,EFO:0001187 TF ChIP-seq TBP,.,TF ChIP-seq,EFO:0001187,HepG2,cell_line,child,TBP,encode,single,False,0.9855942726135254
542,EFO:0001187 TF ChIP-seq TBX2 genetically modified (insertion) using CRISPR targeting H. sapiens TBX2,.,TF ChIP-seq,EFO:0001187,HepG2,cell_line,child,TBX2,encode,single,True,0.7747896909713745
543,EFO:0001187 TF ChIP-seq TBX3,.,TF ChIP-seq,EFO:0001187,HepG2,cell_line,child,TBX3,encode,paired,False,0.7977409958839417
544,EFO:0001187 TF ChIP-seq TCF12,.,TF ChIP-seq,EFO:0001187,HepG2,cell_line,child,TCF12,encode,paired,False,0.8203737139701843
545,EFO:0001187 TF ChIP-seq TCF12 genetically modified (insertion) using CRISPR targeting H. sapiens TCF12,.,TF ChIP-seq,EFO:0001187,HepG2,cell_line,child,TCF12,encode,single,True,0.7893351912498474
546,EFO:0001187 TF ChIP-seq TCF7,.,TF ChIP-seq,EFO:0001187,HepG2,cell_line,child,TCF7,encode,single,False,0.8722495436668396
547,EFO:0001187 TF ChIP-seq TCF7L2 genetically modified (insertion) using CRISPR targeting H. sapiens TCF7L2,.,TF ChIP-seq,EFO:0001187,HepG2,cell_line,child,TCF7L2,encode,single,True,0.7317715287208557
548,EFO:0001187 TF ChIP-seq TEAD1 genetically modified (insertion) using CRISPR targeting H. sapiens TEAD1,.,TF ChIP-seq,EFO:0001187,HepG2,cell_line,child,TEAD1,encode,single,True,0.9257047772407532
549,EFO:0001187 TF ChIP-seq TEAD4 genetically modified (insertion) using CRISPR targeting H. sapiens TEAD4,.,TF ChIP-seq,EFO:0001187,HepG2,cell_line,child,TEAD4,encode,single,True,1.0511606931686401
550,EFO:0001187 TF ChIP-seq TFAP4,.,TF ChIP-seq,EFO:0001187,HepG2,cell_line,child,TFAP4,encode,single,False,0.875960648059845
551,EFO:0001187 TF ChIP-seq TFAP4 genetically modified (insertion) using CRISPR targeting H. sapiens TFAP4,.,TF ChIP-seq,EFO:0001187,HepG2,cell_line,child,TFAP4,encode,single,True,0.8421273231506348
552,EFO:0001187 TF ChIP-seq TFDP1 genetically modified (insertion) using CRISPR targeting H. sapiens TFDP1,.,TF ChIP-seq,EFO:0001187,HepG2,cell_line,child,TFDP1,encode,single,True,0.9420638084411621
553,EFO:0001187 TF ChIP-seq TFDP2 genetically modified (insertion) using CRISPR targeting H. sapiens TFDP2,.,TF ChIP-seq,EFO:0001187,HepG2,cell_line,child,TFDP2,encode,single,True,0.9153624176979065
554,EFO:0001187 TF ChIP-seq TFE3 genetically modified (insertion) using CRISPR targeting H. sapiens TFE3,.,TF ChIP-seq,EFO:0001187,HepG2,cell_line,child,TFE3,encode,single,True,0.9042627215385437
555,EFO:0001187 TF ChIP-seq TGIF2 genetically modified (insertion) using CRISPR targeting H. sapiens TGIF2,.,TF ChIP-seq,EFO:0001187,HepG2,cell_line,child,TGIF2,encode,single,True,0.8595854640007019
556,EFO:0001187 TF ChIP-seq THAP11 genetically modified (insertion) using CRISPR targeting H. sapiens THAP11,.,TF ChIP-seq,EFO:0001187,HepG2,cell_line,child,THAP11,encode,single,True,0.9138163328170776
557,EFO:0001187 TF ChIP-seq THAP4 genetically modified (insertion) using CRISPR targeting H. sapiens THAP4,.,TF ChIP-seq,EFO:0001187,HepG2,cell_line,child,THAP4,encode,single,True,0.8851185441017151
558,EFO:0001187 TF ChIP-seq THAP7 genetically modified (insertion) using CRISPR targeting H. sapiens THAP7,.,TF ChIP-seq,EFO:0001187,HepG2,cell_line,child,THAP7,encode,single,True,0.7786096930503845
559,EFO:0001187 TF ChIP-seq THAP9 genetically modified (insertion) using CRISPR targeting H. sapiens THAP9,.,TF ChIP-seq,EFO:0001187,HepG2,cell_line,child,THAP9,encode,single,True,0.959831953048706
560,EFO:0001187 TF ChIP-seq THRA genetically modified (insertion) using CRISPR targeting H. sapiens THRA,.,TF ChIP-seq,EFO:0001187,HepG2,cell_line,child,THRA,encode,single,True,0.9196423888206482
561,EFO:0001187 TF ChIP-seq THRB genetically modified (insertion) using CRISPR targeting H. sapiens THRB,.,TF ChIP-seq,EFO:0001187,HepG2,cell_line,child,THRB,encode,single,True,0.89207524061203
562,EFO:0001187 TF ChIP-seq TIGD6 genetically modified (insertion) using CRISPR targeting H. sapiens TIGD6,.,TF ChIP-seq,EFO:0001187,HepG2,cell_line,child,TIGD6,encode,single,True,1.0031518936157227
563,EFO:0001187 TF ChIP-seq TMF1 genetically modified (insertion) using CRISPR targeting H. sapiens TMF1,.,TF ChIP-seq,EFO:0001187,HepG2,cell_line,child,TMF1,encode,single,True,1.0196382999420166
564,EFO:0001187 TF ChIP-seq TOPORS genetically modified (insertion) using CRISPR targeting H. sapiens TOPORS,.,TF ChIP-seq,EFO:0001187,HepG2,cell_line,child,TOPORS,encode,single,True,1.007036566734314
565,EFO:0001187 TF ChIP-seq TSC22D2 genetically modified (insertion) using CRISPR targeting H. sapiens TSC22D2,.,TF ChIP-seq,EFO:0001187,HepG2,cell_line,child,TSC22D2,encode,single,True,0.8827473521232605
566,EFO:0001187 TF ChIP-seq U2AF1,.,TF ChIP-seq,EFO:0001187,HepG2,cell_line,child,U2AF1,encode,single,False,1.0612825155258179
567,EFO:0001187 TF ChIP-seq UBTF genetically modified (insertion) using CRISPR targeting H. sapiens UBTF,.,TF ChIP-seq,EFO:0001187,HepG2,cell_line,child,UBTF,encode,single,True,0.8433441519737244
568,EFO:0001187 TF ChIP-seq USF1,.,TF ChIP-seq,EFO:0001187,HepG2,cell_line,child,USF1,encode,single,False,1.098744511604309
569,EFO:0001187 TF ChIP-seq USF1 genetically modified (insertion) using CRISPR targeting H. sapiens USF1,.,TF ChIP-seq,EFO:0001187,HepG2,cell_line,child,USF1,encode,single,True,0.900845468044281
570,EFO:0001187 TF ChIP-seq USF2,.,TF ChIP-seq,EFO:0001187,HepG2,cell_line,child,USF2,encode,single,False,0.9207738637924194
571,EFO:0001187 TF ChIP-seq USF2 genetically modified (insertion) using CRISPR targeting H. sapiens USF2,.,TF ChIP-seq,EFO:0001187,HepG2,cell_line,child,USF2,encode,single,True,0.7270066738128662
572,EFO:0001187 TF ChIP-seq WIZ genetically modified (insertion) using CRISPR targeting H. sapiens WIZ,.,TF ChIP-seq,EFO:0001187,HepG2,cell_line,child,WIZ,encode,single,True,0.8840749263763428
573,EFO:0001187 TF ChIP-seq XRCC5,.,TF ChIP-seq,EFO:0001187,HepG2,cell_line,child,XRCC5,encode,single,False,1.0517430305480957
574,EFO:0001187 TF ChIP-seq YEATS2 genetically modified (insertion) using CRISPR targeting H. sapiens YEATS2,.,TF ChIP-seq,EFO:0001187,HepG2,cell_line,child,YEATS2,encode,single,True,0.9096387028694153
575,EFO:0001187 TF ChIP-seq YEATS4 genetically modified (insertion) using CRISPR targeting H. sapiens YEATS4,.,TF ChIP-seq,EFO:0001187,HepG2,cell_line,child,YEATS4,encode,single,True,0.8054701685905457
576,EFO:0001187 TF ChIP-seq ZBED4 genetically modified (insertion) using CRISPR targeting H. sapiens ZBED4,.,TF ChIP-seq,EFO:0001187,HepG2,cell_line,child,ZBED4,encode,single,True,0.8998281359672546
577,EFO:0001187 TF ChIP-seq ZBTB10 genetically modified (insertion) using CRISPR targeting H. sapiens ZBTB10,.,TF ChIP-seq,EFO:0001187,HepG2,cell_line,child,ZBTB10,encode,single,True,0.9627751708030701
578,EFO:0001187 TF ChIP-seq ZBTB14 genetically modified (insertion) using CRISPR targeting H. sapiens ZBTB14,.,TF ChIP-seq,EFO:0001187,HepG2,cell_line,child,ZBTB14,encode,single,True,0.8031800389289856
579,EFO:0001187 TF ChIP-seq ZBTB2 genetically modified (insertion) using CRISPR targeting H. sapiens ZBTB2,.,TF ChIP-seq,EFO:0001187,HepG2,cell_line,child,ZBTB2,encode,single,True,0.9911438822746277
580,EFO:0001187 TF ChIP-seq ZBTB20 genetically modified (insertion) using CRISPR targeting H. sapiens ZBTB20,.,TF ChIP-seq,EFO:0001187,HepG2,cell_line,child,ZBTB20,encode,single,True,0.8909486532211304
581,EFO:0001187 TF ChIP-seq ZBTB21 genetically modified (insertion) using CRISPR targeting H. sapiens ZBTB21,.,TF ChIP-seq,EFO:0001187,HepG2,cell_line,child,ZBTB21,encode,single,True,0.928541898727417
582,EFO:0001187 TF ChIP-seq ZBTB25 genetically modified (insertion) using CRISPR targeting H. sapiens ZBTB25,.,TF ChIP-seq,EFO:0001187,HepG2,cell_line,child,ZBTB25,encode,single,True,0.9135708212852478
583,EFO:0001187 TF ChIP-seq ZBTB26 genetically modified (insertion) using CRISPR targeting H. sapiens ZBTB26,.,TF ChIP-seq,EFO:0001187,HepG2,cell_line,child,ZBTB26,encode,single,True,1.0108758211135864
584,EFO:0001187 TF ChIP-seq ZBTB3 genetically modified (insertion) using CRISPR targeting H. sapiens ZBTB3,.,TF ChIP-seq,EFO:0001187,HepG2,cell_line,child,ZBTB3,encode,single,True,1.0485961437225342
585,EFO:0001187 TF ChIP-seq ZBTB33 genetically modified (insertion) using CRISPR targeting H. sapiens ZBTB33,.,TF ChIP-seq,EFO:0001187,HepG2,cell_line,child,ZBTB33,encode,single,True,1.1343882083892822
586,EFO:0001187 TF ChIP-seq ZBTB34 genetically modified (insertion) using CRISPR targeting H. sapiens ZBTB34,.,TF ChIP-seq,EFO:0001187,HepG2,cell_line,child,ZBTB34,encode,single,True,0.7640775442123413
587,EFO:0001187 TF ChIP-seq ZBTB37 genetically modified (insertion) using CRISPR targeting H. sapiens ZBTB37,.,TF ChIP-seq,EFO:0001187,HepG2,cell_line,child,ZBTB37,encode,single,True,0.8237205147743225
588,EFO:0001187 TF ChIP-seq ZBTB38 genetically modified (insertion) using CRISPR targeting H. sapiens ZBTB38,.,TF ChIP-seq,EFO:0001187,HepG2,cell_line,child,ZBTB38,encode,single,True,1.0577255487442017
589,EFO:0001187 TF ChIP-seq ZBTB39 genetically modified (insertion) using CRISPR targeting H. sapiens ZBTB39,.,TF ChIP-seq,EFO:0001187,HepG2,cell_line,child,ZBTB39,encode,single,True,0.8480784296989441
590,EFO:0001187 TF ChIP-seq ZBTB4 genetically modified (insertion) using CRISPR targeting H. sapiens ZBTB4,.,TF ChIP-seq,EFO:0001187,HepG2,cell_line,child,ZBTB4,encode,single,True,0.9013466238975525
591,EFO:0001187 TF ChIP-seq ZBTB40,.,TF ChIP-seq,EFO:0001187,HepG2,cell_line,child,ZBTB40,encode,paired,False,0.8051753044128418
592,EFO:0001187 TF ChIP-seq ZBTB40 genetically modified (insertion) using CRISPR targeting H. sapiens ZBTB40,.,TF ChIP-seq,EFO:0001187,HepG2,cell_line,child,ZBTB40,encode,single,True,0.778750479221344
593,EFO:0001187 TF ChIP-seq ZBTB42 genetically modified (insertion) using CRISPR targeting H. sapiens ZBTB42,.,TF ChIP-seq,EFO:0001187,HepG2,cell_line,child,ZBTB42,encode,single,True,0.8204653263092041
594,EFO:0001187 TF ChIP-seq ZBTB43 genetically modified (insertion) using CRISPR targeting H. sapiens ZBTB43,.,TF ChIP-seq,EFO:0001187,HepG2,cell_line,child,ZBTB43,encode,single,True,0.8609235882759094
595,EFO:0001187 TF ChIP-seq ZBTB7A genetically modified (insertion) using CRISPR targeting H. sapiens ZBTB7A,.,TF ChIP-seq,EFO:0001187,HepG2,cell_line,child,ZBTB7A,encode,single,True,0.7705633640289307
596,EFO:0001187 TF ChIP-seq ZBTB7B genetically modified (insertion) using CRISPR targeting H. sapiens ZBTB7B,.,TF ChIP-seq,EFO:0001187,HepG2,cell_line,child,ZBTB7B,encode,single,True,0.9123576879501343
597,EFO:0001187 TF ChIP-seq ZC3H13 genetically modified (insertion) using CRISPR targeting H. sapiens ZC3H13,.,TF ChIP-seq,EFO:0001187,HepG2,cell_line,child,ZC3H13,encode,single,True,0.8297136425971985
598,EFO:0001187 TF ChIP-seq ZC3H4 genetically modified (insertion) using CRISPR targeting H. sapiens ZC3H4,.,TF ChIP-seq,EFO:0001187,HepG2,cell_line,child,ZC3H4,encode,single,True,1.0672674179077148
599,EFO:0001187 TF ChIP-seq ZC3H8 genetically modified (insertion) using CRISPR targeting H. sapiens ZC3H8,.,TF ChIP-seq,EFO:0001187,HepG2,cell_line,child,ZC3H8,encode,single,True,0.8621376156806946
600,EFO:0001187 TF ChIP-seq ZFHX3 genetically modified (insertion) using CRISPR targeting H. sapiens ZFHX3,.,TF ChIP-seq,EFO:0001187,HepG2,cell_line,child,ZFHX3,encode,single,True,0.8129685521125793
601,EFO:0001187 TF ChIP-seq ZFP1 genetically modified (insertion) using CRISPR targeting H. sapiens ZFP1,.,TF ChIP-seq,EFO:0001187,HepG2,cell_line,child,ZFP1,encode,single,True,1.185996651649475
602,EFO:0001187 TF ChIP-seq ZFP36L1 genetically modified (insertion) using CRISPR targeting H. sapiens ZFP36L1,.,TF ChIP-seq,EFO:0001187,HepG2,cell_line,child,ZFP36L1,encode,single,True,0.7804683446884155
603,EFO:0001187 TF ChIP-seq ZFP37 genetically modified (insertion) using CRISPR targeting H. sapiens ZFP37,.,TF ChIP-seq,EFO:0001187,HepG2,cell_line,child,ZFP37,encode,single,True,0.973634660243988
604,EFO:0001187 TF ChIP-seq ZFP64 genetically modified (insertion) using CRISPR targeting H. sapiens ZFP64,.,TF ChIP-seq,EFO:0001187,HepG2,cell_line,child,ZFP64,encode,single,True,0.9026479125022888
605,EFO:0001187 TF ChIP-seq ZFP82 genetically modified (insertion) using CRISPR targeting H. sapiens ZFP82,.,TF ChIP-seq,EFO:0001187,HepG2,cell_line,child,ZFP82,encode,single,True,0.8867844343185425
606,EFO:0001187 TF ChIP-seq ZFP90 genetically modified (insertion) using CRISPR targeting H. sapiens ZFP90,.,TF ChIP-seq,EFO:0001187,HepG2,cell_line,child,ZFP90,encode,single,True,0.7457435727119446
607,EFO:0001187 TF ChIP-seq ZFP91 genetically modified (insertion) using CRISPR targeting H. sapiens ZFP91,.,TF ChIP-seq,EFO:0001187,HepG2,cell_line,child,ZFP91,encode,single,True,0.6807087063789368
608,EFO:0001187 TF ChIP-seq ZFX genetically modified (insertion) using CRISPR targeting H. sapiens ZFX,.,TF ChIP-seq,EFO:0001187,HepG2,cell_line,child,ZFX,encode,single,True,1.0690839290618896
609,EFO:0001187 TF ChIP-seq ZFY genetically modified (insertion) using CRISPR targeting H. sapiens ZFY,.,TF ChIP-seq,EFO:0001187,HepG2,cell_line,child,ZFY,encode,single,True,0.7878023982048035
610,EFO:0001187 TF ChIP-seq ZGPAT genetically modified (insertion) using CRISPR targeting H. sapiens ZGPAT,.,TF ChIP-seq,EFO:0001187,HepG2,cell_line,child,ZGPAT,encode,single,True,0.788743793964386
611,EFO:0001187 TF ChIP-seq ZHX1 genetically modified (insertion) using CRISPR targeting H. sapiens ZHX1,.,TF ChIP-seq,EFO:0001187,HepG2,cell_line,child,ZHX1,encode,single,True,0.9614713788032532
612,EFO:0001187 TF ChIP-seq ZHX2,.,TF ChIP-seq,EFO:0001187,HepG2,cell_line,child,ZHX2,encode,single,False,0.9897311925888062
613,EFO:0001187 TF ChIP-seq ZIK1 genetically modified (insertion) using CRISPR targeting H. sapiens ZIK1,.,TF ChIP-seq,EFO:0001187,HepG2,cell_line,child,ZIK1,encode,single,True,1.105907917022705
614,EFO:0001187 TF ChIP-seq ZKSCAN1,.,TF ChIP-seq,EFO:0001187,HepG2,cell_line,child,ZKSCAN1,encode,single,False,0.874832808971405
615,EFO:0001187 TF ChIP-seq ZKSCAN8 genetically modified (insertion) using CRISPR targeting H. sapiens ZKSCAN8,.,TF ChIP-seq,EFO:0001187,HepG2,cell_line,child,ZKSCAN8,encode,single,True,0.9579378962516785
616,EFO:0001187 TF ChIP-seq ZMAT3 genetically modified (insertion) using CRISPR targeting H. sapiens ZMAT3,.,TF ChIP-seq,EFO:0001187,HepG2,cell_line,child,ZMAT3,encode,single,True,0.8773549199104309
617,EFO:0001187 TF ChIP-seq ZMYM2 genetically modified (insertion) using CRISPR targeting H. sapiens ZMYM2,.,TF ChIP-seq,EFO:0001187,HepG2,cell_line,child,ZMYM2,encode,single,True,0.7612022161483765
618,EFO:0001187 TF ChIP-seq ZMYM3,.,TF ChIP-seq,EFO:0001187,HepG2,cell_line,child,ZMYM3,encode,single,False,0.906743586063385
619,EFO:0001187 TF ChIP-seq ZMYM3 genetically modified (insertion) using CRISPR targeting H. sapiens ZMYM3,.,TF ChIP-seq,EFO:0001187,HepG2,cell_line,child,ZMYM3,encode,single,True,0.8465487957000732
620,EFO:0001187 TF ChIP-seq ZMYM4 genetically modified (insertion) using CRISPR targeting H. sapiens ZMYM4,.,TF ChIP-seq,EFO:0001187,HepG2,cell_line,child,ZMYM4,encode,single,True,0.742588460445404
621,EFO:0001187 TF ChIP-seq ZNF12 genetically modified (insertion) using CRISPR targeting H. sapiens ZNF12,.,TF ChIP-seq,EFO:0001187,HepG2,cell_line,child,ZNF12,encode,single,True,0.9340063333511353
622,EFO:0001187 TF ChIP-seq ZNF121 genetically modified (insertion) using CRISPR targeting H. sapiens ZNF121,.,TF ChIP-seq,EFO:0001187,HepG2,cell_line,child,ZNF121,encode,single,True,0.7899302840232849
623,EFO:0001187 TF ChIP-seq ZNF124 genetically modified (insertion) using CRISPR targeting H. sapiens ZNF124,.,TF ChIP-seq,EFO:0001187,HepG2,cell_line,child,ZNF124,encode,single,True,0.949632465839386
624,EFO:0001187 TF ChIP-seq ZNF136 genetically modified (insertion) using CRISPR targeting H. sapiens ZNF136,.,TF ChIP-seq,EFO:0001187,HepG2,cell_line,child,ZNF136,encode,single,True,0.879608690738678
625,EFO:0001187 TF ChIP-seq ZNF138 genetically modified (insertion) using CRISPR targeting H. sapiens ZNF138,.,TF ChIP-seq,EFO:0001187,HepG2,cell_line,child,ZNF138,encode,single,True,1.0155376195907593
626,EFO:0001187 TF ChIP-seq ZNF142 genetically modified (insertion) using CRISPR targeting H. sapiens ZNF142,.,TF ChIP-seq,EFO:0001187,HepG2,cell_line,child,ZNF142,encode,single,True,0.8555451035499573
627,EFO:0001187 TF ChIP-seq ZNF143 genetically modified (insertion) using CRISPR targeting H. sapiens ZNF143,.,TF ChIP-seq,EFO:0001187,HepG2,cell_line,child,ZNF143,encode,single,True,0.9248825907707214
628,EFO:0001187 TF ChIP-seq ZNF146 genetically modified (insertion) using CRISPR targeting H. sapiens ZNF146,.,TF ChIP-seq,EFO:0001187,HepG2,cell_line,child,ZNF146,encode,single,True,0.7852110862731934
629,EFO:0001187 TF ChIP-seq ZNF160 genetically modified (insertion) using CRISPR targeting H. sapiens ZNF160,.,TF ChIP-seq,EFO:0001187,HepG2,cell_line,child,ZNF160,encode,single,True,0.9649025201797485
630,EFO:0001187 TF ChIP-seq ZNF181 genetically modified (insertion) using CRISPR targeting H. sapiens ZNF181,.,TF ChIP-seq,EFO:0001187,HepG2,cell_line,child,ZNF181,encode,single,True,0.799887478351593
631,EFO:0001187 TF ChIP-seq ZNF205 genetically modified (insertion) using CRISPR targeting H. sapiens ZNF205,.,TF ChIP-seq,EFO:0001187,HepG2,cell_line,child,ZNF205,encode,single,True,0.8694632649421692
632,EFO:0001187 TF ChIP-seq ZNF217 genetically modified (insertion) using CRISPR targeting H. sapiens ZNF217,.,TF ChIP-seq,EFO:0001187,HepG2,cell_line,child,ZNF217,encode,single,True,0.9097462296485901
633,EFO:0001187 TF ChIP-seq ZNF219 genetically modified (insertion) using CRISPR targeting H. sapiens ZNF219,.,TF ChIP-seq,EFO:0001187,HepG2,cell_line,child,ZNF219,encode,single,True,0.8608423471450806
634,EFO:0001187 TF ChIP-seq ZNF221 genetically modified (insertion) using CRISPR targeting H. sapiens ZNF221,.,TF ChIP-seq,EFO:0001187,HepG2,cell_line,child,ZNF221,encode,single,True,0.7229928374290466
635,EFO:0001187 TF ChIP-seq ZNF224 genetically modified (insertion) using CRISPR targeting H. sapiens ZNF224,.,TF ChIP-seq,EFO:0001187,HepG2,cell_line,child,ZNF224,encode,single,True,0.8246070742607117
636,EFO:0001187 TF ChIP-seq ZNF225 genetically modified (insertion) using CRISPR targeting H. sapiens ZNF225,.,TF ChIP-seq,EFO:0001187,HepG2,cell_line,child,ZNF225,encode,single,True,1.0150550603866577
637,EFO:0001187 TF ChIP-seq ZNF230 genetically modified (insertion) using CRISPR targeting H. sapiens ZNF230,.,TF ChIP-seq,EFO:0001187,HepG2,cell_line,child,ZNF230,encode,single,True,0.7837003469467163
638,EFO:0001187 TF ChIP-seq ZNF232 genetically modified (insertion) using CRISPR targeting H. sapiens ZNF232,.,TF ChIP-seq,EFO:0001187,HepG2,cell_line,child,ZNF232,encode,single,True,0.8447632193565369
639,EFO:0001187 TF ChIP-seq ZNF235 genetically modified (insertion) using CRISPR targeting H. sapiens ZNF235,.,TF ChIP-seq,EFO:0001187,HepG2,cell_line,child,ZNF235,encode,single,True,0.9267266392707825
640,EFO:0001187 TF ChIP-seq ZNF24,.,TF ChIP-seq,EFO:0001187,HepG2,cell_line,child,ZNF24,encode,paired,False,0.8201494216918945
641,EFO:0001187 TF ChIP-seq ZNF263 genetically modified (insertion) using CRISPR targeting H. sapiens ZNF263,.,TF ChIP-seq,EFO:0001187,HepG2,cell_line,child,ZNF263,encode,single,True,0.8296906352043152
642,EFO:0001187 TF ChIP-seq ZNF264 genetically modified (insertion) using CRISPR targeting H. sapiens ZNF264,.,TF ChIP-seq,EFO:0001187,HepG2,cell_line,child,ZNF264,encode,single,True,0.8598358035087585
643,EFO:0001187 TF ChIP-seq ZNF274 genetically modified (insertion) using CRISPR targeting H. sapiens ZNF274,.,TF ChIP-seq,EFO:0001187,HepG2,cell_line,child,ZNF274,encode,single,True,0.8498208522796631
644,EFO:0001187 TF ChIP-seq ZNF275 genetically modified (insertion) using CRISPR targeting H. sapiens ZNF275,.,TF ChIP-seq,EFO:0001187,HepG2,cell_line,child,ZNF275,encode,single,True,0.807542085647583
645,EFO:0001187 TF ChIP-seq ZNF276 genetically modified (insertion) using CRISPR targeting H. sapiens ZNF276,.,TF ChIP-seq,EFO:0001187,HepG2,cell_line,child,ZNF276,encode,single,True,1.028782606124878
646,EFO:0001187 TF ChIP-seq ZNF280B genetically modified (insertion) using CRISPR targeting H. sapiens ZNF280B,.,TF ChIP-seq,EFO:0001187,HepG2,cell_line,child,ZNF280B,encode,single,True,1.1530828475952148
647,EFO:0001187 TF ChIP-seq ZNF280D genetically modified (insertion) using CRISPR targeting H. sapiens ZNF280D,.,TF ChIP-seq,EFO:0001187,HepG2,cell_line,child,ZNF280D,encode,single,True,0.7840917110443115
648,EFO:0001187 TF ChIP-seq ZNF281 genetically modified (insertion) using CRISPR targeting H. sapiens ZNF281,.,TF ChIP-seq,EFO:0001187,HepG2,cell_line,child,ZNF281,encode,single,True,0.9583336710929871
649,EFO:0001187 TF ChIP-seq ZNF292 genetically modified (insertion) using CRISPR targeting H. sapiens ZNF292,.,TF ChIP-seq,EFO:0001187,HepG2,cell_line,child,ZNF292,encode,single,True,0.8771628141403198
650,EFO:0001187 TF ChIP-seq ZNF3 genetically modified (insertion) using CRISPR targeting H. sapiens ZNF3,.,TF ChIP-seq,EFO:0001187,HepG2,cell_line,child,ZNF3,encode,single,True,1.0385068655014038
651,EFO:0001187 TF ChIP-seq ZNF317 genetically modified (insertion) using CRISPR targeting H. sapiens ZNF317,.,TF ChIP-seq,EFO:0001187,HepG2,cell_line,child,ZNF317,encode,single,True,0.763652503490448
652,EFO:0001187 TF ChIP-seq ZNF318 genetically modified (insertion) using CRISPR targeting H. sapiens ZNF318,.,TF ChIP-seq,EFO:0001187,HepG2,cell_line,child,ZNF318,encode,single,True,0.9382956027984619
653,EFO:0001187 TF ChIP-seq ZNF329 genetically modified (insertion) using CRISPR targeting H. sapiens ZNF329,.,TF ChIP-seq,EFO:0001187,HepG2,cell_line,child,ZNF329,encode,single,True,1.1038029193878174
654,EFO:0001187 TF ChIP-seq ZNF331 genetically modified (insertion) using CRISPR targeting H. sapiens ZNF331,.,TF ChIP-seq,EFO:0001187,HepG2,cell_line,child,ZNF331,encode,single,True,0.9150904417037964
655,EFO:0001187 TF ChIP-seq ZNF333 genetically modified (insertion) using CRISPR targeting H. sapiens ZNF333,.,TF ChIP-seq,EFO:0001187,HepG2,cell_line,child,ZNF333,encode,single,True,0.8572804927825928
656,EFO:0001187 TF ChIP-seq ZNF335 genetically modified (insertion) using CRISPR targeting H. sapiens ZNF335,.,TF ChIP-seq,EFO:0001187,HepG2,cell_line,child,ZNF335,encode,single,True,0.820759117603302
657,EFO:0001187 TF ChIP-seq ZNF337 genetically modified (insertion) using CRISPR targeting H. sapiens ZNF337,.,TF ChIP-seq,EFO:0001187,HepG2,cell_line,child,ZNF337,encode,single,True,1.0766539573669434
658,EFO:0001187 TF ChIP-seq ZNF33B genetically modified (insertion) using CRISPR targeting H. sapiens ZNF33B,.,TF ChIP-seq,EFO:0001187,HepG2,cell_line,child,ZNF33B,encode,single,True,0.8953555226325989
659,EFO:0001187 TF ChIP-seq ZNF34 genetically modified (insertion) using CRISPR targeting H. sapiens ZNF34,.,TF ChIP-seq,EFO:0001187,HepG2,cell_line,child,ZNF34,encode,single,True,1.0015339851379395
660,EFO:0001187 TF ChIP-seq ZNF343 genetically modified (insertion) using CRISPR targeting H. sapiens ZNF343,.,TF ChIP-seq,EFO:0001187,HepG2,cell_line,child,ZNF343,encode,single,True,0.9161702394485474
661,EFO:0001187 TF ChIP-seq ZNF350 genetically modified (insertion) using CRISPR targeting H. sapiens ZNF350,.,TF ChIP-seq,EFO:0001187,HepG2,cell_line,child,ZNF350,encode,single,True,0.9653250575065613
662,EFO:0001187 TF ChIP-seq ZNF362 genetically modified (insertion) using CRISPR targeting H. sapiens ZNF362,.,TF ChIP-seq,EFO:0001187,HepG2,cell_line,child,ZNF362,encode,single,True,0.8606744408607483
663,EFO:0001187 TF ChIP-seq ZNF384,.,TF ChIP-seq,EFO:0001187,HepG2,cell_line,child,ZNF384,encode,single,False,0.9158121943473816
664,EFO:0001187 TF ChIP-seq ZNF414 genetically modified (insertion) using CRISPR targeting H. sapiens ZNF414,.,TF ChIP-seq,EFO:0001187,HepG2,cell_line,child,ZNF414,encode,single,True,0.8759205341339111
665,EFO:0001187 TF ChIP-seq ZNF430 genetically modified (insertion) using CRISPR targeting H. sapiens ZNF430,.,TF ChIP-seq,EFO:0001187,HepG2,cell_line,child,ZNF430,encode,single,True,0.8671715259552002
666,EFO:0001187 TF ChIP-seq ZNF431 genetically modified (insertion) using CRISPR targeting H. sapiens ZNF431,.,TF ChIP-seq,EFO:0001187,HepG2,cell_line,child,ZNF431,encode,single,True,0.8787710666656494
667,EFO:0001187 TF ChIP-seq ZNF44 genetically modified (insertion) using CRISPR targeting H. sapiens ZNF44,.,TF ChIP-seq,EFO:0001187,HepG2,cell_line,child,ZNF44,encode,single,True,0.8102565407752991
668,EFO:0001187 TF ChIP-seq ZNF441 genetically modified (insertion) using CRISPR targeting H. sapiens ZNF441,.,TF ChIP-seq,EFO:0001187,HepG2,cell_line,child,ZNF441,encode,single,True,0.9884299039840698
669,EFO:0001187 TF ChIP-seq ZNF446 genetically modified (insertion) using CRISPR targeting H. sapiens ZNF446,.,TF ChIP-seq,EFO:0001187,HepG2,cell_line,child,ZNF446,encode,single,True,0.8728633522987366
670,EFO:0001187 TF ChIP-seq ZNF451 genetically modified (insertion) using CRISPR targeting H. sapiens ZNF451,.,TF ChIP-seq,EFO:0001187,HepG2,cell_line,child,ZNF451,encode,single,True,1.096070408821106
671,EFO:0001187 TF ChIP-seq ZNF460 genetically modified (insertion) using CRISPR targeting H. sapiens ZNF460,.,TF ChIP-seq,EFO:0001187,HepG2,cell_line,child,ZNF460,encode,single,True,0.781056821346283
672,EFO:0001187 TF ChIP-seq ZNF48 genetically modified (insertion) using CRISPR targeting H. sapiens ZNF48,.,TF ChIP-seq,EFO:0001187,HepG2,cell_line,child,ZNF48,encode,single,True,0.9594341516494751
673,EFO:0001187 TF ChIP-seq ZNF483 genetically modified (insertion) using CRISPR targeting H. sapiens ZNF483,.,TF ChIP-seq,EFO:0001187,HepG2,cell_line,child,ZNF483,encode,single,True,0.8331242799758911
674,EFO:0001187 TF ChIP-seq ZNF485 genetically modified (insertion) using CRISPR targeting H. sapiens ZNF485,.,TF ChIP-seq,EFO:0001187,HepG2,cell_line,child,ZNF485,encode,single,True,0.935736894607544
675,EFO:0001187 TF ChIP-seq ZNF501 genetically modified (insertion) using CRISPR targeting H. sapiens ZNF501,.,TF ChIP-seq,EFO:0001187,HepG2,cell_line,child,ZNF501,encode,single,True,0.7537727355957031
676,EFO:0001187 TF ChIP-seq ZNF503 genetically modified (insertion) using CRISPR targeting H. sapiens ZNF503,.,TF ChIP-seq,EFO:0001187,HepG2,cell_line,child,ZNF503,encode,single,True,0.7644141316413879
677,EFO:0001187 TF ChIP-seq ZNF510 genetically modified (insertion) using CRISPR targeting H. sapiens ZNF510,.,TF ChIP-seq,EFO:0001187,HepG2,cell_line,child,ZNF510,encode,single,True,0.8637658953666687
678,EFO:0001187 TF ChIP-seq ZNF511 genetically modified (insertion) using CRISPR targeting H. sapiens ZNF511,.,TF ChIP-seq,EFO:0001187,HepG2,cell_line,child,ZNF511,encode,single,True,0.9776198863983154
679,EFO:0001187 TF ChIP-seq ZNF512B genetically modified (insertion) using CRISPR targeting H. sapiens ZNF512B,.,TF ChIP-seq,EFO:0001187,HepG2,cell_line,child,ZNF512B,encode,single,True,0.89083331823349
680,EFO:0001187 TF ChIP-seq ZNF526 genetically modified (insertion) using CRISPR targeting H. sapiens ZNF526,.,TF ChIP-seq,EFO:0001187,HepG2,cell_line,child,ZNF526,encode,single,True,0.9584910273551941
681,EFO:0001187 TF ChIP-seq ZNF527 genetically modified (insertion) using CRISPR targeting H. sapiens ZNF527,.,TF ChIP-seq,EFO:0001187,HepG2,cell_line,child,ZNF527,encode,single,True,0.9415733814239502
682,EFO:0001187 TF ChIP-seq ZNF543 genetically modified (insertion) using CRISPR targeting H. sapiens ZNF543,.,TF ChIP-seq,EFO:0001187,HepG2,cell_line,child,ZNF543,encode,single,True,0.9693794250488281
683,EFO:0001187 TF ChIP-seq ZNF546 genetically modified (insertion) using CRISPR targeting H. sapiens ZNF546,.,TF ChIP-seq,EFO:0001187,HepG2,cell_line,child,ZNF546,encode,single,True,1.0514689683914185
684,EFO:0001187 TF ChIP-seq ZNF547 genetically modified (insertion) using CRISPR targeting H. sapiens ZNF547,.,TF ChIP-seq,EFO:0001187,HepG2,cell_line,child,ZNF547,encode,single,True,0.758364737033844
685,EFO:0001187 TF ChIP-seq ZNF548 genetically modified (insertion) using CRISPR targeting H. sapiens ZNF548,.,TF ChIP-seq,EFO:0001187,HepG2,cell_line,child,ZNF548,encode,single,True,0.8975698351860046
686,EFO:0001187 TF ChIP-seq ZNF552 genetically modified (insertion) using CRISPR targeting H. sapiens ZNF552,.,TF ChIP-seq,EFO:0001187,HepG2,cell_line,child,ZNF552,encode,single,True,0.7778361439704895
687,EFO:0001187 TF ChIP-seq ZNF556 genetically modified (insertion) using CRISPR targeting H. sapiens ZNF556,.,TF ChIP-seq,EFO:0001187,HepG2,cell_line,child,ZNF556,encode,single,True,0.8569695353507996
688,EFO:0001187 TF ChIP-seq ZNF558 genetically modified (insertion) using CRISPR targeting H. sapiens ZNF558,.,TF ChIP-seq,EFO:0001187,HepG2,cell_line,child,ZNF558,encode,single,True,0.8291117548942566
689,EFO:0001187 TF ChIP-seq ZNF563 genetically modified (insertion) using CRISPR targeting H. sapiens ZNF563,.,TF ChIP-seq,EFO:0001187,HepG2,cell_line,child,ZNF563,encode,single,True,0.8324781656265259
690,EFO:0001187 TF ChIP-seq ZNF564 genetically modified (insertion) using CRISPR targeting H. sapiens ZNF564,.,TF ChIP-seq,EFO:0001187,HepG2,cell_line,child,ZNF564,encode,single,True,0.9267677664756775
691,EFO:0001187 TF ChIP-seq ZNF567 genetically modified (insertion) using CRISPR targeting H. sapiens ZNF567,.,TF ChIP-seq,EFO:0001187,HepG2,cell_line,child,ZNF567,encode,single,True,0.8077789545059204
692,EFO:0001187 TF ChIP-seq ZNF572 genetically modified (insertion) using CRISPR targeting H. sapiens ZNF572,.,TF ChIP-seq,EFO:0001187,HepG2,cell_line,child,ZNF572,encode,single,True,0.8705514073371887
693,EFO:0001187 TF ChIP-seq ZNF574 genetically modified (insertion) using CRISPR targeting H. sapiens ZNF574,.,TF ChIP-seq,EFO:0001187,HepG2,cell_line,child,ZNF574,encode,single,True,0.996279239654541
694,EFO:0001187 TF ChIP-seq ZNF580 genetically modified (insertion) using CRISPR targeting H. sapiens ZNF580,.,TF ChIP-seq,EFO:0001187,HepG2,cell_line,child,ZNF580,encode,single,True,1.0383819341659546
695,EFO:0001187 TF ChIP-seq ZNF589 genetically modified (insertion) using CRISPR targeting H. sapiens ZNF589,.,TF ChIP-seq,EFO:0001187,HepG2,cell_line,child,ZNF589,encode,single,True,0.8583669662475586
696,EFO:0001187 TF ChIP-seq ZNF598 genetically modified (insertion) using CRISPR targeting H. sapiens ZNF598,.,TF ChIP-seq,EFO:0001187,HepG2,cell_line,child,ZNF598,encode,single,True,0.7913841605186462
697,EFO:0001187 TF ChIP-seq ZNF605 genetically modified (insertion) using CRISPR targeting H. sapiens ZNF605,.,TF ChIP-seq,EFO:0001187,HepG2,cell_line,child,ZNF605,encode,single,True,0.7808525562286377
698,EFO:0001187 TF ChIP-seq ZNF607 genetically modified (insertion) using CRISPR targeting H. sapiens ZNF607,.,TF ChIP-seq,EFO:0001187,HepG2,cell_line,child,ZNF607,encode,single,True,0.8327470421791077
699,EFO:0001187 TF ChIP-seq ZNF608 genetically modified (insertion) using CRISPR targeting H. sapiens ZNF608,.,TF ChIP-seq,EFO:0001187,HepG2,cell_line,child,ZNF608,encode,single,True,0.8159154057502747
700,EFO:0001187 TF ChIP-seq ZNF609 genetically modified (insertion) using CRISPR targeting H. sapiens ZNF609,.,TF ChIP-seq,EFO:0001187,HepG2,cell_line,child,ZNF609,encode,single,True,0.7777565121650696
701,EFO:0001187 TF ChIP-seq ZNF614 genetically modified (insertion) using CRISPR targeting H. sapiens ZNF614,.,TF ChIP-seq,EFO:0001187,HepG2,cell_line,child,ZNF614,encode,single,True,0.8970245718955994
702,EFO:0001187 TF ChIP-seq ZNF616 genetically modified (insertion) using CRISPR targeting H. sapiens ZNF616,.,TF ChIP-seq,EFO:0001187,HepG2,cell_line,child,ZNF616,encode,single,True,1.0731415748596191
703,EFO:0001187 TF ChIP-seq ZNF619 genetically modified (insertion) using CRISPR targeting H. sapiens ZNF619,.,TF ChIP-seq,EFO:0001187,HepG2,cell_line,child,ZNF619,encode,single,True,0.9901679754257202
704,EFO:0001187 TF ChIP-seq ZNF629 genetically modified (insertion) using CRISPR targeting H. sapiens ZNF629,.,TF ChIP-seq,EFO:0001187,HepG2,cell_line,child,ZNF629,encode,single,True,0.750723659992218
705,EFO:0001187 TF ChIP-seq ZNF639 genetically modified (insertion) using CRISPR targeting H. sapiens ZNF639,.,TF ChIP-seq,EFO:0001187,HepG2,cell_line,child,ZNF639,encode,single,True,0.9641852378845215
706,EFO:0001187 TF ChIP-seq ZNF644 genetically modified (insertion) using CRISPR targeting H. sapiens ZNF644,.,TF ChIP-seq,EFO:0001187,HepG2,cell_line,child,ZNF644,encode,single,True,1.0437841415405273
707,EFO:0001187 TF ChIP-seq ZNF646 genetically modified (insertion) using CRISPR targeting H. sapiens ZNF646,.,TF ChIP-seq,EFO:0001187,HepG2,cell_line,child,ZNF646,encode,single,True,0.7998000979423523
708,EFO:0001187 TF ChIP-seq ZNF652 genetically modified (insertion) using CRISPR targeting H. sapiens ZNF652,.,TF ChIP-seq,EFO:0001187,HepG2,cell_line,child,ZNF652,encode,single,True,0.9731547832489014
709,EFO:0001187 TF ChIP-seq ZNF670 genetically modified (insertion) using CRISPR targeting H. sapiens ZNF670,.,TF ChIP-seq,EFO:0001187,HepG2,cell_line,child,ZNF670,encode,single,True,0.7348530292510986
710,EFO:0001187 TF ChIP-seq ZNF687 genetically modified (insertion) using CRISPR targeting H. sapiens ZNF687,.,TF ChIP-seq,EFO:0001187,HepG2,cell_line,child,ZNF687,encode,single,True,1.132210612297058
711,EFO:0001187 TF ChIP-seq ZNF691 genetically modified (insertion) using CRISPR targeting H. sapiens ZNF691,.,TF ChIP-seq,EFO:0001187,HepG2,cell_line,child,ZNF691,encode,single,True,1.0566035509109497
712,EFO:0001187 TF ChIP-seq ZNF697 genetically modified (insertion) using CRISPR targeting H. sapiens ZNF697,.,TF ChIP-seq,EFO:0001187,HepG2,cell_line,child,ZNF697,encode,single,True,0.9023610353469849
713,EFO:0001187 TF ChIP-seq ZNF703 genetically modified (insertion) using CRISPR targeting H. sapiens ZNF703,.,TF ChIP-seq,EFO:0001187,HepG2,cell_line,child,ZNF703,encode,single,True,0.776582658290863
714,EFO:0001187 TF ChIP-seq ZNF704 genetically modified (insertion) using CRISPR targeting H. sapiens ZNF704,.,TF ChIP-seq,EFO:0001187,HepG2,cell_line,child,ZNF704,encode,single,True,0.8020601868629456
715,EFO:0001187 TF ChIP-seq ZNF709 genetically modified (insertion) using CRISPR targeting H. sapiens ZNF709,.,TF ChIP-seq,EFO:0001187,HepG2,cell_line,child,ZNF709,encode,single,True,0.8549057841300964
716,EFO:0001187 TF ChIP-seq ZNF710 genetically modified (insertion) using CRISPR targeting H. sapiens ZNF710,.,TF ChIP-seq,EFO:0001187,HepG2,cell_line,child,ZNF710,encode,single,True,0.8556821346282959
717,EFO:0001187 TF ChIP-seq ZNF724P genetically modified (insertion) using CRISPR targeting H. sapiens ZNF724,.,TF ChIP-seq,EFO:0001187,HepG2,cell_line,child,ZNF724P,encode,single,True,0.8727745413780212
718,EFO:0001187 TF ChIP-seq ZNF740 genetically modified (insertion) using CRISPR targeting H. sapiens ZNF740,.,TF ChIP-seq,EFO:0001187,HepG2,cell_line,child,ZNF740,encode,single,True,0.9278630614280701
719,EFO:0001187 TF ChIP-seq ZNF746 genetically modified (insertion) using CRISPR targeting H. sapiens ZNF746,.,TF ChIP-seq,EFO:0001187,HepG2,cell_line,child,ZNF746,encode,single,True,0.7928082942962646
720,EFO:0001187 TF ChIP-seq ZNF747 genetically modified (insertion) using CRISPR targeting H. sapiens ZNF747,.,TF ChIP-seq,EFO:0001187,HepG2,cell_line,child,ZNF747,encode,single,True,0.8465496897697449
721,EFO:0001187 TF ChIP-seq ZNF749 genetically modified (insertion) using CRISPR targeting H. sapiens ZNF749,.,TF ChIP-seq,EFO:0001187,HepG2,cell_line,child,ZNF749,encode,single,True,0.9314607381820679
722,EFO:0001187 TF ChIP-seq ZNF761 genetically modified (insertion) using CRISPR targeting H. sapiens ZNF761,.,TF ChIP-seq,EFO:0001187,HepG2,cell_line,child,ZNF761,encode,single,True,1.0018751621246338
723,EFO:0001187 TF ChIP-seq ZNF766 genetically modified (insertion) using CRISPR targeting H. sapiens ZNF766,.,TF ChIP-seq,EFO:0001187,HepG2,cell_line,child,ZNF766,encode,single,True,0.8307656049728394
724,EFO:0001187 TF ChIP-seq ZNF768 genetically modified (insertion) using CRISPR targeting H. sapiens ZNF768,.,TF ChIP-seq,EFO:0001187,HepG2,cell_line,child,ZNF768,encode,single,True,1.005638837814331
725,EFO:0001187 TF ChIP-seq ZNF770 genetically modified (insertion) using CRISPR targeting H. sapiens ZNF770,.,TF ChIP-seq,EFO:0001187,HepG2,cell_line,child,ZNF770,encode,single,True,0.7096234560012817
726,EFO:0001187 TF ChIP-seq ZNF772 genetically modified (insertion) using CRISPR targeting H. sapiens ZNF772,.,TF ChIP-seq,EFO:0001187,HepG2,cell_line,child,ZNF772,encode,single,True,0.8330786824226379
727,EFO:0001187 TF ChIP-seq ZNF776 genetically modified (insertion) using CRISPR targeting H. sapiens ZNF776,.,TF ChIP-seq,EFO:0001187,HepG2,cell_line,child,ZNF776,encode,single,True,0.8303529620170593
728,EFO:0001187 TF ChIP-seq ZNF777 genetically modified (insertion) using CRISPR targeting H. sapiens ZNF777,.,TF ChIP-seq,EFO:0001187,HepG2,cell_line,child,ZNF777,encode,single,True,0.8118537664413452
729,EFO:0001187 TF ChIP-seq ZNF780A genetically modified (insertion) using CRISPR targeting H. sapiens ZNF780A,.,TF ChIP-seq,EFO:0001187,HepG2,cell_line,child,ZNF780A,encode,single,True,0.8805251121520996
730,EFO:0001187 TF ChIP-seq ZNF782 genetically modified (insertion) using CRISPR targeting H. sapiens ZNF782,.,TF ChIP-seq,EFO:0001187,HepG2,cell_line,child,ZNF782,encode,single,True,0.8793777823448181
731,EFO:0001187 TF ChIP-seq ZNF784 genetically modified (insertion) using CRISPR targeting H. sapiens ZNF784,.,TF ChIP-seq,EFO:0001187,HepG2,cell_line,child,ZNF784,encode,single,True,0.9371065497398376
732,EFO:0001187 TF ChIP-seq ZNF786 genetically modified (insertion) using CRISPR targeting H. sapiens ZNF786,.,TF ChIP-seq,EFO:0001187,HepG2,cell_line,child,ZNF786,encode,single,True,0.8060355186462402
733,EFO:0001187 TF ChIP-seq ZNF788 genetically modified (insertion) using CRISPR targeting H. sapiens ZNF788P,.,TF ChIP-seq,EFO:0001187,HepG2,cell_line,child,ZNF788,encode,single,True,0.9144960641860962
734,EFO:0001187 TF ChIP-seq ZNF790 genetically modified (insertion) using CRISPR targeting H. sapiens ZNF790,.,TF ChIP-seq,EFO:0001187,HepG2,cell_line,child,ZNF790,encode,single,True,0.9407778382301331
735,EFO:0001187 TF ChIP-seq ZNF792 genetically modified (insertion) using CRISPR targeting H. sapiens ZNF792,.,TF ChIP-seq,EFO:0001187,HepG2,cell_line,child,ZNF792,encode,single,True,0.9787392616271973
736,EFO:0001187 TF ChIP-seq ZNF800 genetically modified (insertion) using CRISPR targeting H. sapiens ZNF800,.,TF ChIP-seq,EFO:0001187,HepG2,cell_line,child,ZNF800,encode,single,True,0.8069673776626587
737,EFO:0001187 TF ChIP-seq ZNF816 genetically modified (insertion) using CRISPR targeting H. sapiens ZNF816,.,TF ChIP-seq,EFO:0001187,HepG2,cell_line,child,ZNF816,encode,single,True,0.7978860139846802
738,EFO:0001187 TF ChIP-seq ZNF827 genetically modified (insertion) using CRISPR targeting H. sapiens ZNF827,.,TF ChIP-seq,EFO:0001187,HepG2,cell_line,child,ZNF827,encode,single,True,0.8446609973907471
739,EFO:0001187 TF ChIP-seq ZNF83 genetically modified (insertion) using CRISPR targeting H. sapiens ZNF83,.,TF ChIP-seq,EFO:0001187,HepG2,cell_line,child,ZNF83,encode,single,True,0.9917730093002319
740,EFO:0001187 TF ChIP-seq ZNF839 genetically modified (insertion) using CRISPR targeting H. sapiens ZNF839,.,TF ChIP-seq,EFO:0001187,HepG2,cell_line,child,ZNF839,encode,single,True,0.9501646757125854
741,EFO:0001187 TF ChIP-seq ZNF865 genetically modified (insertion) using CRISPR targeting H. sapiens ZNF865,.,TF ChIP-seq,EFO:0001187,HepG2,cell_line,child,ZNF865,encode,single,True,0.8291120529174805
742,EFO:0001187 TF ChIP-seq ZNF878 genetically modified (insertion) using CRISPR targeting H. sapiens ZNF878,.,TF ChIP-seq,EFO:0001187,HepG2,cell_line,child,ZNF878,encode,single,True,0.7349171042442322
743,EFO:0001187 TF ChIP-seq ZNF879 genetically modified (insertion) using CRISPR targeting H. sapiens ZNF879,.,TF ChIP-seq,EFO:0001187,HepG2,cell_line,child,ZNF879,encode,single,True,0.9142216444015503
744,EFO:0001187 TF ChIP-seq ZNF891 genetically modified (insertion) using CRISPR targeting H. sapiens ZNF891,.,TF ChIP-seq,EFO:0001187,HepG2,cell_line,child,ZNF891,encode,single,True,0.9974570274353027
745,EFO:0001187 TF ChIP-seq ZSCAN20 genetically modified (insertion) using CRISPR targeting H. sapiens ZSCAN20,.,TF ChIP-seq,EFO:0001187,HepG2,cell_line,child,ZSCAN20,encode,single,True,0.9458503723144531
746,EFO:0001187 TF ChIP-seq ZSCAN21 genetically modified (insertion) using CRISPR targeting H. sapiens ZSCAN21,.,TF ChIP-seq,EFO:0001187,HepG2,cell_line,child,ZSCAN21,encode,single,True,0.8776640892028809
747,EFO:0001187 TF ChIP-seq ZSCAN22 genetically modified (insertion) using CRISPR targeting H. sapiens ZSCAN22,.,TF ChIP-seq,EFO:0001187,HepG2,cell_line,child,ZSCAN22,encode,single,True,1.0058757066726685
748,EFO:0001187 TF ChIP-seq ZSCAN25 genetically modified (insertion) using CRISPR targeting H. sapiens ZSCAN25,.,TF ChIP-seq,EFO:0001187,HepG2,cell_line,child,ZSCAN25,encode,single,True,0.8357770442962646
749,EFO:0001187 TF ChIP-seq ZSCAN29 genetically modified (insertion) using CRISPR targeting H. sapiens ZSCAN29,.,TF ChIP-seq,EFO:0001187,HepG2,cell_line,child,ZSCAN29,encode,single,True,0.9239325523376465
750,EFO:0001187 TF ChIP-seq ZSCAN31 genetically modified (insertion) using CRISPR targeting H. sapiens ZSCAN31,.,TF ChIP-seq,EFO:0001187,HepG2,cell_line,child,ZSCAN31,encode,single,True,0.8395699262619019
751,EFO:0001187 TF ChIP-seq ZSCAN5A genetically modified (insertion) using CRISPR targeting H. sapiens ZSCAN5A,.,TF ChIP-seq,EFO:0001187,HepG2,cell_line,child,ZSCAN5A,encode,single,True,0.7614693641662598
752,EFO:0001187 TF ChIP-seq ZSCAN9 genetically modified (insertion) using CRISPR targeting H. sapiens ZSCAN9,.,TF ChIP-seq,EFO:0001187,HepG2,cell_line,child,ZSCAN9,encode,single,True,0.9975289106369019
753,EFO:0001187 TF ChIP-seq ZXDC genetically modified (insertion) using CRISPR targeting H. sapiens ZXDC,.,TF ChIP-seq,EFO:0001187,HepG2,cell_line,child,ZXDC,encode,single,True,0.7688897252082825
754,EFO:0001187 TF ChIP-seq ZZZ3 genetically modified (insertion) using CRISPR targeting H. sapiens ZZZ3,.,TF ChIP-seq,EFO:0001187,HepG2,cell_line,child,ZZZ3,encode,single,True,0.889116108417511
755,EFO:0001196 TF ChIP-seq BHLHE40,.,TF ChIP-seq,EFO:0001196,IMR-90,cell_line,embryonic,BHLHE40,encode,single,False,0.9617088437080383
756,EFO:0001196 TF ChIP-seq CEBPB,.,TF ChIP-seq,EFO:0001196,IMR-90,cell_line,embryonic,CEBPB,encode,single,False,1.1773030757904053
757,EFO:0001196 TF ChIP-seq CTCF,.,TF ChIP-seq,EFO:0001196,IMR-90,cell_line,embryonic,CTCF,encode,single,False,1.046344518661499
758,EFO:0001196 TF ChIP-seq FOS,.,TF ChIP-seq,EFO:0001196,IMR-90,cell_line,embryonic,FOS,encode,single,False,0.999296247959137
759,EFO:0001196 TF ChIP-seq MAFK,.,TF ChIP-seq,EFO:0001196,IMR-90,cell_line,embryonic,MAFK,encode,single,False,0.959997296333313
760,EFO:0001196 TF ChIP-seq MAZ,.,TF ChIP-seq,EFO:0001196,IMR-90,cell_line,embryonic,MAZ,encode,single,False,1.0771269798278809
761,EFO:0001196 TF ChIP-seq MXI1,.,TF ChIP-seq,EFO:0001196,IMR-90,cell_line,embryonic,MXI1,encode,single,False,1.1126296520233154
762,EFO:0001196 TF ChIP-seq NFE2L2,.,TF ChIP-seq,EFO:0001196,IMR-90,cell_line,embryonic,NFE2L2,encode,single,False,1.0751221179962158
763,EFO:0001196 TF ChIP-seq POLR2A,.,TF ChIP-seq,EFO:0001196,IMR-90,cell_line,embryonic,POLR2A,encode,single,False,0.9650447964668274
764,EFO:0001196 TF ChIP-seq RAD21,.,TF ChIP-seq,EFO:0001196,IMR-90,cell_line,embryonic,RAD21,encode,single,False,0.949391782283783
765,EFO:0001196 TF ChIP-seq SMC3,.,TF ChIP-seq,EFO:0001196,IMR-90,cell_line,embryonic,SMC3,encode,single,False,1.1166452169418335
766,EFO:0001196 TF ChIP-seq USF2,.,TF ChIP-seq,EFO:0001196,IMR-90,cell_line,embryonic,USF2,encode,single,False,1.0029001235961914
767,EFO:0001200 TF ChIP-seq CTCF,.,TF ChIP-seq,EFO:0001200,MCF 10A,cell_line,adult,CTCF,encode,single,False,1.318040370941162
768,EFO:0001203 TF ChIP-seq ATF7,.,TF ChIP-seq,EFO:0001203,MCF-7,cell_line,adult,ATF7,encode,paired,False,0.8176344633102417
769,EFO:0001203 TF ChIP-seq BMI1,.,TF ChIP-seq,EFO:0001203,MCF-7,cell_line,adult,BMI1,encode,paired,False,0.7774032354354858
770,EFO:0001203 TF ChIP-seq CEBPB,.,TF ChIP-seq,EFO:0001203,MCF-7,cell_line,adult,CEBPB,encode,single,False,1.019426703453064
771,EFO:0001203 TF ChIP-seq CEBPG stably expressing C-terminal eGFP-tagged CEBPG,.,TF ChIP-seq,EFO:0001203,MCF-7,cell_line,adult,CEBPG,encode,single,True,0.726031482219696
772,EFO:0001203 TF ChIP-seq CHD1,.,TF ChIP-seq,EFO:0001203,MCF-7,cell_line,adult,CHD1,encode,paired,False,0.7837904691696167
773,EFO:0001203 TF ChIP-seq CLOCK,.,TF ChIP-seq,EFO:0001203,MCF-7,cell_line,adult,CLOCK,encode,paired,False,0.769209623336792
774,EFO:0001203 TF ChIP-seq CREB1,.,TF ChIP-seq,EFO:0001203,MCF-7,cell_line,adult,CREB1,encode,paired,False,0.7267917990684509
775,EFO:0001203 TF ChIP-seq CTBP1,.,TF ChIP-seq,EFO:0001203,MCF-7,cell_line,adult,CTBP1,encode,paired,False,0.7824333906173706
776,EFO:0001203 TF ChIP-seq CTCF,.,TF ChIP-seq,EFO:0001203,MCF-7,cell_line,adult,CTCF,encode,single,False,0.6123906373977661
777,EFO:0001203 TF ChIP-seq CUX1,.,TF ChIP-seq,EFO:0001203,MCF-7,cell_line,adult,CUX1,encode,paired,False,0.7772772312164307
778,EFO:0001203 TF ChIP-seq DPF2,.,TF ChIP-seq,EFO:0001203,MCF-7,cell_line,adult,DPF2,encode,paired,False,0.7945062518119812
779,EFO:0001203 TF ChIP-seq E2F1 stably expressing N-terminal HA-tagged E2F1,.,TF ChIP-seq,EFO:0001203,MCF-7,cell_line,adult,E2F1,encode,single,True,0.9911985993385315
780,EFO:0001203 TF ChIP-seq EGR1,.,TF ChIP-seq,EFO:0001203,MCF-7,cell_line,adult,EGR1,encode,single,False,0.9216676354408264
781,EFO:0001203 TF ChIP-seq ELF1,.,TF ChIP-seq,EFO:0001203,MCF-7,cell_line,adult,ELF1,encode,paired,False,0.7576064467430115
782,EFO:0001203 TF ChIP-seq ELK1,.,TF ChIP-seq,EFO:0001203,MCF-7,cell_line,adult,ELK1,encode,paired,False,0.8122826218605042
783,EFO:0001203 TF ChIP-seq EP300,.,TF ChIP-seq,EFO:0001203,MCF-7,cell_line,adult,EP300,encode,single,False,0.9734253287315369
784,EFO:0001203 TF ChIP-seq ESR1 genetically modified (insertion) using CRISPR targeting H. sapiens ESR1,.,TF ChIP-seq,EFO:0001203,MCF-7,cell_line,adult,ESR1,encode,paired,True,0.7734440565109253
785,EFO:0001203 TF ChIP-seq FOS,.,TF ChIP-seq,EFO:0001203,MCF-7,cell_line,adult,FOS,encode,paired,False,0.769516110420227
786,EFO:0001203 TF ChIP-seq FOSL2,.,TF ChIP-seq,EFO:0001203,MCF-7,cell_line,adult,FOSL2,encode,single,False,0.9447552561759949
787,EFO:0001203 TF ChIP-seq FOSL2 stably expressing C-terminal eGFP-tagged FOSL2,.,TF ChIP-seq,EFO:0001203,MCF-7,cell_line,adult,FOSL2,encode,single,True,0.7520132064819336
788,EFO:0001203 TF ChIP-seq FOXA1,.,TF ChIP-seq,EFO:0001203,MCF-7,cell_line,adult,FOXA1,encode,paired,False,0.833102822303772
789,EFO:0001203 TF ChIP-seq FOXM1,.,TF ChIP-seq,EFO:0001203,MCF-7,cell_line,adult,FOXM1,encode,single,False,0.8846643567085266
790,EFO:0001203 TF ChIP-seq GABPA,.,TF ChIP-seq,EFO:0001203,MCF-7,cell_line,adult,GABPA,encode,single,False,0.8911364078521729
791,EFO:0001203 TF ChIP-seq GATA3,.,TF ChIP-seq,EFO:0001203,MCF-7,cell_line,adult,GATA3,encode,single,False,0.6778743267059326
792,EFO:0001203 TF ChIP-seq HCFC1,.,TF ChIP-seq,EFO:0001203,MCF-7,cell_line,adult,HCFC1,encode,paired,False,0.7765213251113892
793,EFO:0001203 TF ChIP-seq HDAC2,.,TF ChIP-seq,EFO:0001203,MCF-7,cell_line,adult,HDAC2,encode,single,False,0.9472036361694336
794,EFO:0001203 TF ChIP-seq JUND,.,TF ChIP-seq,EFO:0001203,MCF-7,cell_line,adult,JUND,encode,single,False,1.0421855449676514
795,EFO:0001203 TF ChIP-seq KLF4 stably expressing C-terminal eGFP-tagged KLF4,.,TF ChIP-seq,EFO:0001203,MCF-7,cell_line,adult,KLF4,encode,single,True,0.7486674785614014
796,EFO:0001203 TF ChIP-seq KLF9 stably expressing C-terminal eGFP-tagged KLF9,.,TF ChIP-seq,EFO:0001203,MCF-7,cell_line,adult,KLF9,encode,single,True,0.7397853136062622
797,EFO:0001203 TF ChIP-seq MAFK,.,TF ChIP-seq,EFO:0001203,MCF-7,cell_line,adult,MAFK,encode,paired,False,0.8119218349456787
798,EFO:0001203 TF ChIP-seq MAX,.,TF ChIP-seq,EFO:0001203,MCF-7,cell_line,adult,MAX,encode,single,False,0.9116843342781067
799,EFO:0001203 TF ChIP-seq MAZ,.,TF ChIP-seq,EFO:0001203,MCF-7,cell_line,adult,MAZ,encode,paired,False,0.7832379341125488
800,EFO:0001203 TF ChIP-seq MBD2,.,TF ChIP-seq,EFO:0001203,MCF-7,cell_line,adult,MBD2,encode,single,False,1.005852460861206
801,EFO:0001203 TF ChIP-seq MNT,.,TF ChIP-seq,EFO:0001203,MCF-7,cell_line,adult,MNT,encode,paired,False,0.7784186005592346
802,EFO:0001203 TF ChIP-seq MSX2 genetically modified (insertion) using CRISPR targeting H. sapiens MSX2,.,TF ChIP-seq,EFO:0001203,MCF-7,cell_line,adult,MSX2,encode,paired,True,0.7632767558097839
803,EFO:0001203 TF ChIP-seq MYC,.,TF ChIP-seq,EFO:0001203,MCF-7,cell_line,adult,MYC,encode,single,False,0.9957280158996582
804,EFO:0001203 TF ChIP-seq NCOA3,.,TF ChIP-seq,EFO:0001203,MCF-7,cell_line,adult,NCOA3,encode,paired,False,0.7867421507835388
805,EFO:0001203 TF ChIP-seq NFIB,.,TF ChIP-seq,EFO:0001203,MCF-7,cell_line,adult,NFIB,encode,paired,False,0.7570257782936096
806,EFO:0001203 TF ChIP-seq NR2F2,.,TF ChIP-seq,EFO:0001203,MCF-7,cell_line,adult,NR2F2,encode,single,False,0.9276756644248962
807,EFO:0001203 TF ChIP-seq NRF1,.,TF ChIP-seq,EFO:0001203,MCF-7,cell_line,adult,NRF1,encode,paired,False,0.8003023266792297
808,EFO:0001203 TF ChIP-seq OVOL1 genetically modified (insertion) using CRISPR targeting H. sapiens OVOL1,.,TF ChIP-seq,EFO:0001203,MCF-7,cell_line,adult,OVOL1,encode,paired,True,0.7753540873527527
809,EFO:0001203 TF ChIP-seq PKNOX1,.,TF ChIP-seq,EFO:0001203,MCF-7,cell_line,adult,PKNOX1,encode,paired,False,0.7598346471786499
810,EFO:0001203 TF ChIP-seq PML,.,TF ChIP-seq,EFO:0001203,MCF-7,cell_line,adult,PML,encode,single,False,1.0142064094543457
811,EFO:0001203 TF ChIP-seq POLR2A,.,TF ChIP-seq,EFO:0001203,MCF-7,cell_line,adult,POLR2A,encode,single,False,0.821164608001709
812,EFO:0001203 TF ChIP-seq RAD21,.,TF ChIP-seq,EFO:0001203,MCF-7,cell_line,adult,RAD21,encode,single,False,1.1115342378616333
813,EFO:0001203 TF ChIP-seq RAD21 genetically modified (insertion) using CRISPR targeting H. sapiens RAD21,.,TF ChIP-seq,EFO:0001203,MCF-7,cell_line,adult,RAD21,encode,single,True,0.8442668914794922
814,EFO:0001203 TF ChIP-seq RAD51,.,TF ChIP-seq,EFO:0001203,MCF-7,cell_line,adult,RAD51,encode,paired,False,0.8033204674720764
815,EFO:0001203 TF ChIP-seq REST,.,TF ChIP-seq,EFO:0001203,MCF-7,cell_line,adult,REST,encode,single,False,0.9930796027183533
816,EFO:0001203 TF ChIP-seq RFX1,.,TF ChIP-seq,EFO:0001203,MCF-7,cell_line,adult,RFX1,encode,paired,False,0.7430601119995117
817,EFO:0001203 TF ChIP-seq RFX5,.,TF ChIP-seq,EFO:0001203,MCF-7,cell_line,adult,RFX5,encode,paired,False,0.7860402464866638
818,EFO:0001203 TF ChIP-seq SIN3A,.,TF ChIP-seq,EFO:0001203,MCF-7,cell_line,adult,SIN3A,encode,paired,False,0.7774294018745422
819,EFO:0001203 TF ChIP-seq SMARCE1,.,TF ChIP-seq,EFO:0001203,MCF-7,cell_line,adult,SMARCE1,encode,paired,False,0.8304082155227661
820,EFO:0001203 TF ChIP-seq SPDEF genetically modified (insertion) using CRISPR targeting H. sapiens SPDEF,.,TF ChIP-seq,EFO:0001203,MCF-7,cell_line,adult,SPDEF,encode,paired,True,0.7863720655441284
821,EFO:0001203 TF ChIP-seq SRF,.,TF ChIP-seq,EFO:0001203,MCF-7,cell_line,adult,SRF,encode,single,False,0.8488399386405945
822,EFO:0001203 TF ChIP-seq SUZ12,.,TF ChIP-seq,EFO:0001203,MCF-7,cell_line,adult,SUZ12,encode,paired,False,0.777270495891571
823,EFO:0001203 TF ChIP-seq TAF1,.,TF ChIP-seq,EFO:0001203,MCF-7,cell_line,adult,TAF1,encode,single,False,0.9325705766677856
824,EFO:0001203 TF ChIP-seq TARDBP,.,TF ChIP-seq,EFO:0001203,MCF-7,cell_line,adult,TARDBP,encode,paired,False,0.7913354635238647
825,EFO:0001203 TF ChIP-seq TCF12,.,TF ChIP-seq,EFO:0001203,MCF-7,cell_line,adult,TCF12,encode,single,False,0.9399077296257019
826,EFO:0001203 TF ChIP-seq TCF7L2,.,TF ChIP-seq,EFO:0001203,MCF-7,cell_line,adult,TCF7L2,encode,single,False,0.7937309741973877
827,EFO:0001203 TF ChIP-seq TEAD4,.,TF ChIP-seq,EFO:0001203,MCF-7,cell_line,adult,TEAD4,encode,single,False,0.9880518317222595
828,EFO:0001203 TF ChIP-seq TOE1,.,TF ChIP-seq,EFO:0001203,MCF-7,cell_line,adult,TOE1,encode,paired,False,0.7869079113006592
829,EFO:0001203 TF ChIP-seq TRIM22,.,TF ChIP-seq,EFO:0001203,MCF-7,cell_line,adult,TRIM22,encode,paired,False,0.7673547267913818
830,EFO:0001203 TF ChIP-seq ZBTB40,.,TF ChIP-seq,EFO:0001203,MCF-7,cell_line,adult,ZBTB40,encode,paired,False,0.7475370168685913
831,EFO:0001203 TF ChIP-seq ZFX,.,TF ChIP-seq,EFO:0001203,MCF-7,cell_line,adult,ZFX,encode,paired,False,0.596068799495697
832,EFO:0001203 TF ChIP-seq ZHX2,.,TF ChIP-seq,EFO:0001203,MCF-7,cell_line,adult,ZHX2,encode,single,False,0.9741707444190979
833,EFO:0001203 TF ChIP-seq ZNF217,.,TF ChIP-seq,EFO:0001203,MCF-7,cell_line,adult,ZNF217,encode,paired,False,0.7476333379745483
834,EFO:0001203 TF ChIP-seq ZNF24,.,TF ChIP-seq,EFO:0001203,MCF-7,cell_line,adult,ZNF24,encode,paired,False,0.7968990206718445
835,EFO:0001203 TF ChIP-seq ZNF444,.,TF ChIP-seq,EFO:0001203,MCF-7,cell_line,adult,ZNF444,encode,paired,False,0.7804219126701355
836,EFO:0001203 TF ChIP-seq ZNF574,.,TF ChIP-seq,EFO:0001203,MCF-7,cell_line,adult,ZNF574,encode,paired,False,0.7526801228523254
837,EFO:0001203 TF ChIP-seq ZNF579,.,TF ChIP-seq,EFO:0001203,MCF-7,cell_line,adult,ZNF579,encode,paired,False,0.7732386589050293
838,EFO:0001203 TF ChIP-seq ZNF687,.,TF ChIP-seq,EFO:0001203,MCF-7,cell_line,adult,ZNF687,encode,paired,False,0.7778093218803406
839,EFO:0001247 TF ChIP-seq JUND,.,TF ChIP-seq,EFO:0001247,T47D,cell_line,adult,JUND,encode,single,False,0.8883627653121948
840,EFO:0001260 TF ChIP-seq CTCF,.,TF ChIP-seq,EFO:0001260,WI38,cell_line,unknown,CTCF,encode,single,False,1.2429898977279663
841,EFO:0002067 TF ChIP-seq ADNP stably expressing C-terminal eGFP-tagged ADNP,.,TF ChIP-seq,EFO:0002067,K562,cell_line,adult,ADNP,encode,single,True,0.6634426712989807
842,EFO:0002067 TF ChIP-seq AFF1,.,TF ChIP-seq,EFO:0002067,K562,cell_line,adult,AFF1,encode,paired,False,0.6918033361434937
843,EFO:0002067 TF ChIP-seq AFF4 genetically modified (insertion) using CRISPR targeting H. sapiens AFF4,.,TF ChIP-seq,EFO:0002067,K562,cell_line,adult,AFF4,encode,single,True,0.8278899192810059
844,EFO:0002067 TF ChIP-seq AGO1,.,TF ChIP-seq,EFO:0002067,K562,cell_line,adult,AGO1,encode,single,False,1.2430368661880493
845,EFO:0002067 TF ChIP-seq ARID1B,.,TF ChIP-seq,EFO:0002067,K562,cell_line,adult,ARID1B,encode,paired,False,0.6704846620559692
846,EFO:0002067 TF ChIP-seq ARID3A,.,TF ChIP-seq,EFO:0002067,K562,cell_line,adult,ARID3A,encode,single,False,1.01883864402771
847,EFO:0002067 TF ChIP-seq ARID4B genetically modified (insertion) using CRISPR targeting H. sapiens ARID4B,.,TF ChIP-seq,EFO:0002067,K562,cell_line,adult,ARID4B,encode,single,True,0.7715880870819092
848,EFO:0002067 TF ChIP-seq ARNT,.,TF ChIP-seq,EFO:0002067,K562,cell_line,adult,ARNT,encode,paired,False,0.7356583476066589
849,EFO:0002067 TF ChIP-seq ASH1L,.,TF ChIP-seq,EFO:0002067,K562,cell_line,adult,ASH1L,encode,paired,False,0.7389912605285645
850,EFO:0002067 TF ChIP-seq ATF1,.,TF ChIP-seq,EFO:0002067,K562,cell_line,adult,ATF1,encode,single,False,0.932928204536438
851,EFO:0002067 TF ChIP-seq ATF1 genetically modified (insertion) using CRISPR targeting H. sapiens ATF1,.,TF ChIP-seq,EFO:0002067,K562,cell_line,adult,ATF1,encode,single,True,0.8346529006958008
852,EFO:0002067 TF ChIP-seq ATF1 stably expressing C-terminal eGFP-tagged ATF1,.,TF ChIP-seq,EFO:0002067,K562,cell_line,adult,ATF1,encode,paired,True,0.717806339263916
853,EFO:0002067 TF ChIP-seq ATF2,.,TF ChIP-seq,EFO:0002067,K562,cell_line,adult,ATF2,encode,paired,False,0.8051930665969849
854,EFO:0002067 TF ChIP-seq ATF3,.,TF ChIP-seq,EFO:0002067,K562,cell_line,adult,ATF3,encode,paired,False,0.6938161849975586
855,EFO:0002067 TF ChIP-seq ATF3 genetically modified (insertion) using CRISPR targeting H. sapiens ATF3,.,TF ChIP-seq,EFO:0002067,K562,cell_line,adult,ATF3,encode,single,True,0.7645806670188904
856,EFO:0002067 TF ChIP-seq ATF3 stably expressing C-terminal eGFP-tagged ATF3,.,TF ChIP-seq,EFO:0002067,K562,cell_line,adult,ATF3,encode,paired,True,0.6668583154678345
857,EFO:0002067 TF ChIP-seq ATF4,.,TF ChIP-seq,EFO:0002067,K562,cell_line,adult,ATF4,encode,paired,False,0.7492426037788391
858,EFO:0002067 TF ChIP-seq ATF4 genetically modified (insertion) using CRISPR targeting H. sapiens ATF4,.,TF ChIP-seq,EFO:0002067,K562,cell_line,adult,ATF4,encode,paired,True,0.7662009596824646
859,EFO:0002067 TF ChIP-seq ATF7,.,TF ChIP-seq,EFO:0002067,K562,cell_line,adult,ATF7,encode,paired,False,0.7061840891838074
860,EFO:0002067 TF ChIP-seq BACH1 stably expressing N-terminal eGFP-tagged BACH1,.,TF ChIP-seq,EFO:0002067,K562,cell_line,adult,BACH1,encode,single,True,0.7325031757354736
861,EFO:0002067 TF ChIP-seq BCLAF1,.,TF ChIP-seq,EFO:0002067,K562,cell_line,adult,BCLAF1,encode,single,False,1.0183888673782349
862,EFO:0002067 TF ChIP-seq BCOR,.,TF ChIP-seq,EFO:0002067,K562,cell_line,adult,BCOR,encode,paired,False,0.7481292486190796
863,EFO:0002067 TF ChIP-seq BHLHE40,.,TF ChIP-seq,EFO:0002067,K562,cell_line,adult,BHLHE40,encode,single,False,0.8574661612510681
864,EFO:0002067 TF ChIP-seq BRD4,.,TF ChIP-seq,EFO:0002067,K562,cell_line,adult,BRD4,encode,single,False,0.7786976099014282
865,EFO:0002067 TF ChIP-seq BRD9,.,TF ChIP-seq,EFO:0002067,K562,cell_line,adult,BRD9,encode,paired,False,0.7714842557907104
866,EFO:0002067 TF ChIP-seq BRF2,.,TF ChIP-seq,EFO:0002067,K562,cell_line,adult,BRF2,encode,single,False,1.5193694829940796
867,EFO:0002067 TF ChIP-seq C11orf30,.,TF ChIP-seq,EFO:0002067,K562,cell_line,adult,C11orf30,encode,paired,False,0.6974469423294067
868,EFO:0002067 TF ChIP-seq CBFA2T2,.,TF ChIP-seq,EFO:0002067,K562,cell_line,adult,CBFA2T2,encode,paired,False,0.7172864675521851
869,EFO:0002067 TF ChIP-seq CBFA2T3,.,TF ChIP-seq,EFO:0002067,K562,cell_line,adult,CBFA2T3,encode,paired,False,0.6633472442626953
870,EFO:0002067 TF ChIP-seq CBFB genetically modified (insertion) using CRISPR targeting H. sapiens CBFB,.,TF ChIP-seq,EFO:0002067,K562,cell_line,adult,CBFB,encode,single,True,0.8151785731315613
871,EFO:0002067 TF ChIP-seq CBX1,.,TF ChIP-seq,EFO:0002067,K562,cell_line,adult,CBX1,encode,single,False,1.170633316040039
872,EFO:0002067 TF ChIP-seq CBX3,.,TF ChIP-seq,EFO:0002067,K562,cell_line,adult,CBX3,encode,single,False,0.8604418635368347
873,EFO:0002067 TF ChIP-seq CC2D1A,.,TF ChIP-seq,EFO:0002067,K562,cell_line,adult,CC2D1A,encode,paired,False,0.7487345933914185
874,EFO:0002067 TF ChIP-seq CEBPB,.,TF ChIP-seq,EFO:0002067,K562,cell_line,adult,CEBPB,encode,single,False,0.9962054491043091
875,EFO:0002067 TF ChIP-seq CEBPB stably expressing C-terminal eGFP-tagged CEBPB,.,TF ChIP-seq,EFO:0002067,K562,cell_line,adult,CEBPB,encode,paired,True,0.7347829937934875
876,EFO:0002067 TF ChIP-seq CEBPG genetically modified (insertion) using CRISPR targeting H. sapiens CEBPG,.,TF ChIP-seq,EFO:0002067,K562,cell_line,adult,CEBPG,encode,single,True,0.7904068231582642
877,EFO:0002067 TF ChIP-seq CEBPG stably expressing C-terminal eGFP-tagged CEBPG,.,TF ChIP-seq,EFO:0002067,K562,cell_line,adult,CEBPG,encode,paired,True,0.7784750461578369
878,EFO:0002067 TF ChIP-seq CHAMP1,.,TF ChIP-seq,EFO:0002067,K562,cell_line,adult,CHAMP1,encode,paired,False,0.6980448961257935
879,EFO:0002067 TF ChIP-seq CHD1,.,TF ChIP-seq,EFO:0002067,K562,cell_line,adult,CHD1,encode,single,False,1.0253654718399048
880,EFO:0002067 TF ChIP-seq CHD2,.,TF ChIP-seq,EFO:0002067,K562,cell_line,adult,CHD2,encode,single,False,0.9787920713424683
881,EFO:0002067 TF ChIP-seq COPS2,.,TF ChIP-seq,EFO:0002067,K562,cell_line,adult,COPS2,encode,paired,False,0.7520030736923218
882,EFO:0002067 TF ChIP-seq CREB1,.,TF ChIP-seq,EFO:0002067,K562,cell_line,adult,CREB1,encode,single,False,0.8838227987289429
883,EFO:0002067 TF ChIP-seq CREB1 genetically modified (insertion) using CRISPR targeting H. sapiens CREB1,.,TF ChIP-seq,EFO:0002067,K562,cell_line,adult,CREB1,encode,single,True,0.7677785158157349
884,EFO:0002067 TF ChIP-seq CREB3 stably expressing C-terminal eGFP-tagged CREB3,.,TF ChIP-seq,EFO:0002067,K562,cell_line,adult,CREB3,encode,paired,True,0.7995487451553345
885,EFO:0002067 TF ChIP-seq CREB3L1,.,TF ChIP-seq,EFO:0002067,K562,cell_line,adult,CREB3L1,encode,paired,False,0.7718307971954346
886,EFO:0002067 TF ChIP-seq CREM,.,TF ChIP-seq,EFO:0002067,K562,cell_line,adult,CREM,encode,single,False,0.9987030625343323
887,EFO:0002067 TF ChIP-seq CTBP1,.,TF ChIP-seq,EFO:0002067,K562,cell_line,adult,CTBP1,encode,paired,False,0.7195405960083008
888,EFO:0002067 TF ChIP-seq CTCF,.,TF ChIP-seq,EFO:0002067,K562,cell_line,adult,CTCF,encode,single,False,0.9440202116966248
889,EFO:0002067 TF ChIP-seq CUX1 genetically modified (insertion) using CRISPR targeting H. sapiens CUX1,.,TF ChIP-seq,EFO:0002067,K562,cell_line,adult,CUX1,encode,single,True,0.7541698813438416
890,EFO:0002067 TF ChIP-seq CXXC5 genetically modified (insertion) using CRISPR targeting H. sapiens CXXC5,.,TF ChIP-seq,EFO:0002067,K562,cell_line,adult,CXXC5,encode,paired,True,0.7240854501724243
891,EFO:0002067 TF ChIP-seq DACH1,.,TF ChIP-seq,EFO:0002067,K562,cell_line,adult,DACH1,encode,paired,False,0.7435398697853088
892,EFO:0002067 TF ChIP-seq DDX20,.,TF ChIP-seq,EFO:0002067,K562,cell_line,adult,DDX20,encode,paired,False,0.7894079685211182
893,EFO:0002067 TF ChIP-seq DEAF1,.,TF ChIP-seq,EFO:0002067,K562,cell_line,adult,DEAF1,encode,single,False,0.9108900427818298
894,EFO:0002067 TF ChIP-seq DEAF1 genetically modified (insertion) using CRISPR targeting H. sapiens DEAF1,.,TF ChIP-seq,EFO:0002067,K562,cell_line,adult,DEAF1,encode,paired,True,0.7383613586425781
895,EFO:0002067 TF ChIP-seq DIDO1 stably expressing C-terminal eGFP-tagged DIDO1,.,TF ChIP-seq,EFO:0002067,K562,cell_line,adult,DIDO1,encode,paired,True,0.8126928806304932
896,EFO:0002067 TF ChIP-seq DMBX1 genetically modified (insertion) using CRISPR targeting H. sapiens DMBX1,.,TF ChIP-seq,EFO:0002067,K562,cell_line,adult,DMBX1,encode,paired,True,0.7401677966117859
897,EFO:0002067 TF ChIP-seq DPF2,.,TF ChIP-seq,EFO:0002067,K562,cell_line,adult,DPF2,encode,paired,False,0.7370565533638
898,EFO:0002067 TF ChIP-seq E2F1,.,TF ChIP-seq,EFO:0002067,K562,cell_line,adult,E2F1,encode,paired,False,0.7955290675163269
899,EFO:0002067 TF ChIP-seq E2F1 genetically modified (insertion) using CRISPR targeting H. sapiens E2F1,.,TF ChIP-seq,EFO:0002067,K562,cell_line,adult,E2F1,encode,single,True,0.7711313366889954
900,EFO:0002067 TF ChIP-seq E2F5 genetically modified (insertion) using CRISPR targeting H. sapiens E2F5,.,TF ChIP-seq,EFO:0002067,K562,cell_line,adult,E2F5,encode,single,True,0.7133623957633972
901,EFO:0002067 TF ChIP-seq E2F8,.,TF ChIP-seq,EFO:0002067,K562,cell_line,adult,E2F8,encode,paired,False,0.7671574950218201
902,EFO:0002067 TF ChIP-seq E4F1,.,TF ChIP-seq,EFO:0002067,K562,cell_line,adult,E4F1,encode,paired,False,0.6868494749069214
903,EFO:0002067 TF ChIP-seq EGR1,.,TF ChIP-seq,EFO:0002067,K562,cell_line,adult,EGR1,encode,paired,False,0.702231228351593
904,EFO:0002067 TF ChIP-seq EHMT2,.,TF ChIP-seq,EFO:0002067,K562,cell_line,adult,EHMT2,encode,paired,False,0.7712700963020325
905,EFO:0002067 TF ChIP-seq ELF1,.,TF ChIP-seq,EFO:0002067,K562,cell_line,adult,ELF1,encode,paired,False,0.7661129236221313
906,EFO:0002067 TF ChIP-seq ELF1 genetically modified (insertion) using CRISPR targeting H. sapiens ELF1,.,TF ChIP-seq,EFO:0002067,K562,cell_line,adult,ELF1,encode,single,True,0.748539388179779
907,EFO:0002067 TF ChIP-seq ELF1 stably expressing C-terminal eGFP-tagged ELF1,.,TF ChIP-seq,EFO:0002067,K562,cell_line,adult,ELF1,encode,single,True,0.676923930644989
908,EFO:0002067 TF ChIP-seq ELF4,.,TF ChIP-seq,EFO:0002067,K562,cell_line,adult,ELF4,encode,paired,False,0.8105013966560364
909,EFO:0002067 TF ChIP-seq ELF4 genetically modified (insertion) using CRISPR targeting H. sapiens ELF4,.,TF ChIP-seq,EFO:0002067,K562,cell_line,adult,ELF4,encode,paired,True,0.73857182264328
910,EFO:0002067 TF ChIP-seq EP300,.,TF ChIP-seq,EFO:0002067,K562,cell_line,adult,EP300,encode,single,False,0.8454356789588928
911,EFO:0002067 TF ChIP-seq EP400,.,TF ChIP-seq,EFO:0002067,K562,cell_line,adult,EP400,encode,paired,False,0.6764782667160034
912,EFO:0002067 TF ChIP-seq ESRRA,.,TF ChIP-seq,EFO:0002067,K562,cell_line,adult,ESRRA,encode,paired,False,0.7577141523361206
913,EFO:0002067 TF ChIP-seq ETS1,.,TF ChIP-seq,EFO:0002067,K562,cell_line,adult,ETS1,encode,single,False,1.0958163738250732
914,EFO:0002067 TF ChIP-seq ETV1 stably expressing C-terminal eGFP-tagged ETV1,.,TF ChIP-seq,EFO:0002067,K562,cell_line,adult,ETV1,encode,paired,True,0.7398883700370789
915,EFO:0002067 TF ChIP-seq ETV5 genetically modified (insertion) using CRISPR targeting H. sapiens ETV5,.,TF ChIP-seq,EFO:0002067,K562,cell_line,adult,ETV5,encode,single,True,0.7966878414154053
916,EFO:0002067 TF ChIP-seq ETV6,.,TF ChIP-seq,EFO:0002067,K562,cell_line,adult,ETV6,encode,single,False,0.9625654220581055
917,EFO:0002067 TF ChIP-seq FOSL1,.,TF ChIP-seq,EFO:0002067,K562,cell_line,adult,FOSL1,encode,single,False,1.1641149520874023
918,EFO:0002067 TF ChIP-seq FOSL1 stably expressing C-terminal eGFP-tagged FOSL1,.,TF ChIP-seq,EFO:0002067,K562,cell_line,adult,FOSL1,encode,single,True,0.6668928861618042
919,EFO:0002067 TF ChIP-seq FOXA3 genetically modified (insertion) using CRISPR targeting H. sapiens FOXA3,.,TF ChIP-seq,EFO:0002067,K562,cell_line,adult,FOXA3,encode,paired,True,0.7465325593948364
920,EFO:0002067 TF ChIP-seq FOXJ2 stably expressing C-terminal eGFP-tagged FOXJ2,.,TF ChIP-seq,EFO:0002067,K562,cell_line,adult,FOXJ2,encode,single,True,0.7091917395591736
921,EFO:0002067 TF ChIP-seq FOXK2,.,TF ChIP-seq,EFO:0002067,K562,cell_line,adult,FOXK2,encode,paired,False,0.7183144092559814
922,EFO:0002067 TF ChIP-seq FOXM1,.,TF ChIP-seq,EFO:0002067,K562,cell_line,adult,FOXM1,encode,paired,False,0.8042746782302856
923,EFO:0002067 TF ChIP-seq FOXM1 genetically modified (insertion) using CRISPR targeting H. sapiens FOXM1,.,TF ChIP-seq,EFO:0002067,K562,cell_line,adult,FOXM1,encode,single,True,1.0309560298919678
924,EFO:0002067 TF ChIP-seq FOXP1 genetically modified (insertion) using CRISPR targeting H. sapiens FOXP1,.,TF ChIP-seq,EFO:0002067,K562,cell_line,adult,FOXP1,encode,single,True,0.7975869178771973
925,EFO:0002067 TF ChIP-seq GABPA stably expressing C-terminal eGFP-tagged GABPA,.,TF ChIP-seq,EFO:0002067,K562,cell_line,adult,GABPA,encode,single,True,0.6643872261047363
926,EFO:0002067 TF ChIP-seq GABPB1,.,TF ChIP-seq,EFO:0002067,K562,cell_line,adult,GABPB1,encode,paired,False,0.6490437388420105
927,EFO:0002067 TF ChIP-seq GABPB1 genetically modified (insertion) using CRISPR targeting H. sapiens GABPB1,.,TF ChIP-seq,EFO:0002067,K562,cell_line,adult,GABPB1,encode,single,True,0.7636831402778625
928,EFO:0002067 TF ChIP-seq GATA1,.,TF ChIP-seq,EFO:0002067,K562,cell_line,adult,GATA1,encode,single,False,1.0354952812194824
929,EFO:0002067 TF ChIP-seq GATA2,.,TF ChIP-seq,EFO:0002067,K562,cell_line,adult,GATA2,encode,single,False,0.9373100399971008
930,EFO:0002067 TF ChIP-seq GATA2 genetically modified (insertion) using CRISPR targeting H. sapiens GATA2,.,TF ChIP-seq,EFO:0002067,K562,cell_line,adult,GATA2,encode,single,True,0.7242790460586548
931,EFO:0002067 TF ChIP-seq GATAD2A,.,TF ChIP-seq,EFO:0002067,K562,cell_line,adult,GATAD2A,encode,paired,False,0.7230340242385864
932,EFO:0002067 TF ChIP-seq GATAD2B,.,TF ChIP-seq,EFO:0002067,K562,cell_line,adult,GATAD2B,encode,paired,False,0.7301141619682312
933,EFO:0002067 TF ChIP-seq GMEB1,.,TF ChIP-seq,EFO:0002067,K562,cell_line,adult,GMEB1,encode,paired,False,0.6824285984039307
934,EFO:0002067 TF ChIP-seq GMEB1 genetically modified (insertion) using CRISPR targeting H. sapiens GMEB1,.,TF ChIP-seq,EFO:0002067,K562,cell_line,adult,GMEB1,encode,paired,True,0.7540484070777893
935,EFO:0002067 TF ChIP-seq GTF2E2 stably expressing C-terminal eGFP-tagged GTF2E2,.,TF ChIP-seq,EFO:0002067,K562,cell_line,adult,GTF2E2,encode,single,True,0.6712646484375
936,EFO:0002067 TF ChIP-seq GTF2F1,.,TF ChIP-seq,EFO:0002067,K562,cell_line,adult,GTF2F1,encode,paired,False,0.7162723541259766
937,EFO:0002067 TF ChIP-seq GTF2I genetically modified (insertion) using CRISPR targeting H. sapiens GTF2I,.,TF ChIP-seq,EFO:0002067,K562,cell_line,adult,GTF2I,encode,paired,True,0.7511771321296692
938,EFO:0002067 TF ChIP-seq HCFC1,.,TF ChIP-seq,EFO:0002067,K562,cell_line,adult,HCFC1,encode,single,False,0.9511324167251587
939,EFO:0002067 TF ChIP-seq HDAC1,.,TF ChIP-seq,EFO:0002067,K562,cell_line,adult,HDAC1,encode,paired,False,0.7381196022033691
940,EFO:0002067 TF ChIP-seq HDAC2,.,TF ChIP-seq,EFO:0002067,K562,cell_line,adult,HDAC2,encode,paired,False,0.7467041611671448
941,EFO:0002067 TF ChIP-seq HDAC3,.,TF ChIP-seq,EFO:0002067,K562,cell_line,adult,HDAC3,encode,paired,False,0.7150280475616455
942,EFO:0002067 TF ChIP-seq HDGF,.,TF ChIP-seq,EFO:0002067,K562,cell_line,adult,HDGF,encode,paired,False,0.7410951852798462
943,EFO:0002067 TF ChIP-seq HES1,.,TF ChIP-seq,EFO:0002067,K562,cell_line,adult,HES1,encode,paired,False,0.7935094833374023
944,EFO:0002067 TF ChIP-seq HINFP stably expressing C-terminal eGFP-tagged HINFP,.,TF ChIP-seq,EFO:0002067,K562,cell_line,adult,HINFP,encode,paired,True,0.763461172580719
945,EFO:0002067 TF ChIP-seq HLTF,.,TF ChIP-seq,EFO:0002067,K562,cell_line,adult,HLTF,encode,paired,False,0.7460907101631165
946,EFO:0002067 TF ChIP-seq HMBOX1,.,TF ChIP-seq,EFO:0002067,K562,cell_line,adult,HMBOX1,encode,single,False,0.8168128132820129
947,EFO:0002067 TF ChIP-seq HMG20A genetically modified (insertion) using CRISPR targeting H. sapiens HMG20A,.,TF ChIP-seq,EFO:0002067,K562,cell_line,adult,HMG20A,encode,single,True,0.7397764325141907
948,EFO:0002067 TF ChIP-seq HMGXB4 genetically modified (insertion) using CRISPR targeting H. sapiens HMGXB4,.,TF ChIP-seq,EFO:0002067,K562,cell_line,adult,HMGXB4,encode,single,True,1.0159698724746704
949,EFO:0002067 TF ChIP-seq HNRNPL,.,TF ChIP-seq,EFO:0002067,K562,cell_line,adult,HNRNPL,encode,single,False,1.0656288862228394
950,EFO:0002067 TF ChIP-seq ID3 stably expressing C-terminal eGFP-tagged ID3,.,TF ChIP-seq,EFO:0002067,K562,cell_line,adult,ID3,encode,paired,True,0.730577290058136
951,EFO:0002067 TF ChIP-seq IKZF1,.,TF ChIP-seq,EFO:0002067,K562,cell_line,adult,IKZF1,encode,paired,False,0.72087162733078
952,EFO:0002067 TF ChIP-seq IRF1 stably expressing C-terminal eGFP-tagged IRF1,.,TF ChIP-seq,EFO:0002067,K562,cell_line,adult,IRF1,encode,paired,True,0.7621214389801025
953,EFO:0002067 TF ChIP-seq IRF2,.,TF ChIP-seq,EFO:0002067,K562,cell_line,adult,IRF2,encode,single,False,0.8517116904258728
954,EFO:0002067 TF ChIP-seq JUN,.,TF ChIP-seq,EFO:0002067,K562,cell_line,adult,JUN,encode,single,False,1.085750699043274
955,EFO:0002067 TF ChIP-seq JUND,.,TF ChIP-seq,EFO:0002067,K562,cell_line,adult,JUND,encode,single,False,0.9986217021942139
956,EFO:0002067 TF ChIP-seq JUND stably expressing JUND,.,TF ChIP-seq,EFO:0002067,K562,cell_line,adult,JUND,encode,single,True,0.7568706274032593
957,EFO:0002067 TF ChIP-seq KAT7 genetically modified (insertion) using CRISPR targeting H. sapiens KAT7,.,TF ChIP-seq,EFO:0002067,K562,cell_line,adult,KAT7,encode,single,True,0.7973722219467163
958,EFO:0002067 TF ChIP-seq KDM1A,.,TF ChIP-seq,EFO:0002067,K562,cell_line,adult,KDM1A,encode,paired,False,0.6856185793876648
959,EFO:0002067 TF ChIP-seq KDM4B,.,TF ChIP-seq,EFO:0002067,K562,cell_line,adult,KDM4B,encode,single,False,1.1400146484375
960,EFO:0002067 TF ChIP-seq KLF16,.,TF ChIP-seq,EFO:0002067,K562,cell_line,adult,KLF16,encode,single,False,0.8529425263404846
961,EFO:0002067 TF ChIP-seq L3MBTL2,.,TF ChIP-seq,EFO:0002067,K562,cell_line,adult,L3MBTL2,encode,paired,False,0.7028407454490662
962,EFO:0002067 TF ChIP-seq LCOR genetically modified (insertion) using CRISPR targeting H. sapiens LCOR,.,TF ChIP-seq,EFO:0002067,K562,cell_line,adult,LCOR,encode,single,True,0.8215567469596863
963,EFO:0002067 TF ChIP-seq LEF1,.,TF ChIP-seq,EFO:0002067,K562,cell_line,adult,LEF1,encode,paired,False,0.7407509088516235
964,EFO:0002067 TF ChIP-seq MAFF,.,TF ChIP-seq,EFO:0002067,K562,cell_line,adult,MAFF,encode,single,False,0.9088340401649475
965,EFO:0002067 TF ChIP-seq MAFG stably expressing C-terminal eGFP-tagged MAFG,.,TF ChIP-seq,EFO:0002067,K562,cell_line,adult,MAFG,encode,paired,True,0.7313457727432251
966,EFO:0002067 TF ChIP-seq MAFK,.,TF ChIP-seq,EFO:0002067,K562,cell_line,adult,MAFK,encode,single,False,0.8063668012619019
967,EFO:0002067 TF ChIP-seq MAX,.,TF ChIP-seq,EFO:0002067,K562,cell_line,adult,MAX,encode,single,False,1.3992334604263306
968,EFO:0002067 TF ChIP-seq MAX genetically modified (insertion) using CRISPR targeting H. sapiens MAX,.,TF ChIP-seq,EFO:0002067,K562,cell_line,adult,MAX,encode,single,True,0.872469425201416
969,EFO:0002067 TF ChIP-seq MAZ,.,TF ChIP-seq,EFO:0002067,K562,cell_line,adult,MAZ,encode,single,False,1.0348985195159912
970,EFO:0002067 TF ChIP-seq MAZ genetically modified (insertion) using CRISPR targeting H. sapiens MAZ,.,TF ChIP-seq,EFO:0002067,K562,cell_line,adult,MAZ,encode,paired,True,0.735535204410553
971,EFO:0002067 TF ChIP-seq MBD2,.,TF ChIP-seq,EFO:0002067,K562,cell_line,adult,MBD2,encode,single,False,0.8956447839736938
972,EFO:0002067 TF ChIP-seq MCM5,.,TF ChIP-seq,EFO:0002067,K562,cell_line,adult,MCM5,encode,paired,False,0.8113334774971008
973,EFO:0002067 TF ChIP-seq MEF2A,.,TF ChIP-seq,EFO:0002067,K562,cell_line,adult,MEF2A,encode,single,False,0.9906611442565918
974,EFO:0002067 TF ChIP-seq MEF2D stably expressing C-terminal eGFP-tagged MEF2D,.,TF ChIP-seq,EFO:0002067,K562,cell_line,adult,MEF2D,encode,paired,True,0.7657760381698608
975,EFO:0002067 TF ChIP-seq MEIS2,.,TF ChIP-seq,EFO:0002067,K562,cell_line,adult,MEIS2,encode,paired,False,0.7263625860214233
976,EFO:0002067 TF ChIP-seq MGA,.,TF ChIP-seq,EFO:0002067,K562,cell_line,adult,MGA,encode,paired,False,0.6909405589103699
977,EFO:0002067 TF ChIP-seq MIER1,.,TF ChIP-seq,EFO:0002067,K562,cell_line,adult,MIER1,encode,paired,False,0.7461676597595215
978,EFO:0002067 TF ChIP-seq MITF,.,TF ChIP-seq,EFO:0002067,K562,cell_line,adult,MITF,encode,single,False,0.9986672401428223
979,EFO:0002067 TF ChIP-seq MLLT1,.,TF ChIP-seq,EFO:0002067,K562,cell_line,adult,MLLT1,encode,paired,False,0.7123726010322571
980,EFO:0002067 TF ChIP-seq MNT,.,TF ChIP-seq,EFO:0002067,K562,cell_line,adult,MNT,encode,paired,False,0.6763564944267273
981,EFO:0002067 TF ChIP-seq MTA1,.,TF ChIP-seq,EFO:0002067,K562,cell_line,adult,MTA1,encode,paired,False,0.7559935450553894
982,EFO:0002067 TF ChIP-seq MTA2,.,TF ChIP-seq,EFO:0002067,K562,cell_line,adult,MTA2,encode,paired,False,0.7650761008262634
983,EFO:0002067 TF ChIP-seq MTA3,.,TF ChIP-seq,EFO:0002067,K562,cell_line,adult,MTA3,encode,paired,False,0.7320027351379395
984,EFO:0002067 TF ChIP-seq MXI1,.,TF ChIP-seq,EFO:0002067,K562,cell_line,adult,MXI1,encode,single,False,0.9615965485572815
985,EFO:0002067 TF ChIP-seq MYC,.,TF ChIP-seq,EFO:0002067,K562,cell_line,adult,MYC,encode,single,False,1.0358119010925293
986,EFO:0002067 TF ChIP-seq MYC genetically modified (insertion) using CRISPR targeting H. sapiens MYC,.,TF ChIP-seq,EFO:0002067,K562,cell_line,adult,MYC,encode,paired,True,0.7483974099159241
987,EFO:0002067 TF ChIP-seq MYNN,.,TF ChIP-seq,EFO:0002067,K562,cell_line,adult,MYNN,encode,single,False,0.9493129253387451
988,EFO:0002067 TF ChIP-seq NBN,.,TF ChIP-seq,EFO:0002067,K562,cell_line,adult,NBN,encode,paired,False,0.7579705119132996
989,EFO:0002067 TF ChIP-seq NCOA1,.,TF ChIP-seq,EFO:0002067,K562,cell_line,adult,NCOA1,encode,paired,False,0.7958565950393677
990,EFO:0002067 TF ChIP-seq NCOR1,.,TF ChIP-seq,EFO:0002067,K562,cell_line,adult,NCOR1,encode,paired,False,0.6930427551269531
991,EFO:0002067 TF ChIP-seq NEUROD1,.,TF ChIP-seq,EFO:0002067,K562,cell_line,adult,NEUROD1,encode,single,False,1.0804558992385864
992,EFO:0002067 TF ChIP-seq NFATC3,.,TF ChIP-seq,EFO:0002067,K562,cell_line,adult,NFATC3,encode,paired,False,0.764166533946991
993,EFO:0002067 TF ChIP-seq NFE2,.,TF ChIP-seq,EFO:0002067,K562,cell_line,adult,NFE2,encode,single,False,0.9422093033790588
994,EFO:0002067 TF ChIP-seq NFE2 stably expressing C-terminal eGFP-tagged NFE2,.,TF ChIP-seq,EFO:0002067,K562,cell_line,adult,NFE2,encode,paired,True,0.791631281375885
995,EFO:0002067 TF ChIP-seq NFIC,.,TF ChIP-seq,EFO:0002067,K562,cell_line,adult,NFIC,encode,paired,False,0.6981591582298279
996,EFO:0002067 TF ChIP-seq NFRKB,.,TF ChIP-seq,EFO:0002067,K562,cell_line,adult,NFRKB,encode,paired,False,0.813463032245636
997,EFO:0002067 TF ChIP-seq NFYA genetically modified (insertion) using CRISPR targeting H. sapiens NFYA,.,TF ChIP-seq,EFO:0002067,K562,cell_line,adult,NFYA,encode,single,True,0.7262218594551086
998,EFO:0002067 TF ChIP-seq NKRF,.,TF ChIP-seq,EFO:0002067,K562,cell_line,adult,NKRF,encode,paired,False,0.7450549006462097
999,EFO:0002067 TF ChIP-seq NONO,.,TF ChIP-seq,EFO:0002067,K562,cell_line,adult,NONO,encode,paired,False,0.8359594941139221
1000,EFO:0002067 TF ChIP-seq NR0B1,.,TF ChIP-seq,EFO:0002067,K562,cell_line,adult,NR0B1,encode,paired,False,0.7410502433776855
1001,EFO:0002067 TF ChIP-seq NR2C1,.,TF ChIP-seq,EFO:0002067,K562,cell_line,adult,NR2C1,encode,paired,False,0.7046119570732117
1002,EFO:0002067 TF ChIP-seq NR2C1 stably expressing C-terminal eGFP-tagged NR2C1,.,TF ChIP-seq,EFO:0002067,K562,cell_line,adult,NR2C1,encode,paired,True,0.7335824370384216
1003,EFO:0002067 TF ChIP-seq NR2C2 genetically modified (insertion) using CRISPR targeting H. sapiens NR2C2,.,TF ChIP-seq,EFO:0002067,K562,cell_line,adult,NR2C2,encode,single,True,0.7981119751930237
1004,EFO:0002067 TF ChIP-seq NR2C2 stably expressing C-terminal eGFP-tagged NR2C2,.,TF ChIP-seq,EFO:0002067,K562,cell_line,adult,NR2C2,encode,single,True,0.6366416215896606
1005,EFO:0002067 TF ChIP-seq NR2F1,.,TF ChIP-seq,EFO:0002067,K562,cell_line,adult,NR2F1,encode,paired,False,0.775092601776123
1006,EFO:0002067 TF ChIP-seq NR2F2,.,TF ChIP-seq,EFO:0002067,K562,cell_line,adult,NR2F2,encode,single,False,0.8620637655258179
1007,EFO:0002067 TF ChIP-seq NR2F6,.,TF ChIP-seq,EFO:0002067,K562,cell_line,adult,NR2F6,encode,single,False,0.8323673009872437
1008,EFO:0002067 TF ChIP-seq NR4A1 stably expressing C-terminal eGFP-tagged NR4A1,.,TF ChIP-seq,EFO:0002067,K562,cell_line,adult,NR4A1,encode,paired,True,0.74551922082901
1009,EFO:0002067 TF ChIP-seq NRF1,.,TF ChIP-seq,EFO:0002067,K562,cell_line,adult,NRF1,encode,paired,False,0.557276725769043
1010,EFO:0002067 TF ChIP-seq PBX2 stably expressing C-terminal eGFP-tagged PBX2,.,TF ChIP-seq,EFO:0002067,K562,cell_line,adult,PBX2,encode,paired,True,0.7694199085235596
1011,EFO:0002067 TF ChIP-seq PHF20,.,TF ChIP-seq,EFO:0002067,K562,cell_line,adult,PHF20,encode,paired,False,0.7365843653678894
1012,EFO:0002067 TF ChIP-seq PHF8,.,TF ChIP-seq,EFO:0002067,K562,cell_line,adult,PHF8,encode,single,False,0.8206332325935364
1013,EFO:0002067 TF ChIP-seq PKNOX1,.,TF ChIP-seq,EFO:0002067,K562,cell_line,adult,PKNOX1,encode,paired,False,0.67368084192276
1014,EFO:0002067 TF ChIP-seq PML,.,TF ChIP-seq,EFO:0002067,K562,cell_line,adult,PML,encode,single,False,0.8834584355354309
1015,EFO:0002067 TF ChIP-seq POLR2A,.,TF ChIP-seq,EFO:0002067,K562,cell_line,adult,POLR2A,encode,paired,False,0.759458601474762
1016,EFO:0002067 TF ChIP-seq POLR2AphosphoS2,.,TF ChIP-seq,EFO:0002067,K562,cell_line,adult,POLR2AphosphoS2,encode,single,False,1.2719284296035767
1017,EFO:0002067 TF ChIP-seq POLR2AphosphoS5,.,TF ChIP-seq,EFO:0002067,K562,cell_line,adult,POLR2AphosphoS5,encode,single,False,1.4186197519302368
1018,EFO:0002067 TF ChIP-seq POLR2B,.,TF ChIP-seq,EFO:0002067,K562,cell_line,adult,POLR2B,encode,paired,False,0.7824667692184448
1019,EFO:0002067 TF ChIP-seq POLR2G,.,TF ChIP-seq,EFO:0002067,K562,cell_line,adult,POLR2G,encode,single,False,2.0446512699127197
1020,EFO:0002067 TF ChIP-seq POLR2H stably expressing C-terminal eGFP-tagged POLR2H,.,TF ChIP-seq,EFO:0002067,K562,cell_line,adult,POLR2H,encode,paired,True,0.6736092567443848
1021,EFO:0002067 TF ChIP-seq PRDM10,.,TF ChIP-seq,EFO:0002067,K562,cell_line,adult,PRDM10,encode,paired,False,0.6672884821891785
1022,EFO:0002067 TF ChIP-seq RAD21,.,TF ChIP-seq,EFO:0002067,K562,cell_line,adult,RAD21,encode,single,False,1.2329366207122803
1023,EFO:0002067 TF ChIP-seq RAD21 genetically modified (insertion) using CRISPR targeting H. sapiens RAD21,.,TF ChIP-seq,EFO:0002067,K562,cell_line,adult,RAD21,encode,paired,True,0.6996537446975708
1024,EFO:0002067 TF ChIP-seq RAD51,.,TF ChIP-seq,EFO:0002067,K562,cell_line,adult,RAD51,encode,paired,False,0.7685008645057678
1025,EFO:0002067 TF ChIP-seq RB1,.,TF ChIP-seq,EFO:0002067,K562,cell_line,adult,RB1,encode,paired,False,0.8225354552268982
1026,EFO:0002067 TF ChIP-seq RBFOX2,.,TF ChIP-seq,EFO:0002067,K562,cell_line,adult,RBFOX2,encode,single,False,1.26873779296875
1027,EFO:0002067 TF ChIP-seq RBM17,.,TF ChIP-seq,EFO:0002067,K562,cell_line,adult,RBM17,encode,single,False,1.2743581533432007
1028,EFO:0002067 TF ChIP-seq RCOR1,.,TF ChIP-seq,EFO:0002067,K562,cell_line,adult,RCOR1,encode,single,False,0.7984618544578552
1029,EFO:0002067 TF ChIP-seq REST,.,TF ChIP-seq,EFO:0002067,K562,cell_line,adult,REST,encode,paired,False,0.7299304604530334
1030,EFO:0002067 TF ChIP-seq REST genetically modified (insertion) using CRISPR targeting H. sapiens REST,.,TF ChIP-seq,EFO:0002067,K562,cell_line,adult,REST,encode,paired,True,0.780738115310669
1031,EFO:0002067 TF ChIP-seq RFX1,.,TF ChIP-seq,EFO:0002067,K562,cell_line,adult,RFX1,encode,paired,False,0.6859816312789917
1032,EFO:0002067 TF ChIP-seq RNF2,.,TF ChIP-seq,EFO:0002067,K562,cell_line,adult,RNF2,encode,single,False,0.8719428777694702
1033,EFO:0002067 TF ChIP-seq SAFB,.,TF ChIP-seq,EFO:0002067,K562,cell_line,adult,SAFB,encode,single,False,1.0520373582839966
1034,EFO:0002067 TF ChIP-seq SAFB2,.,TF ChIP-seq,EFO:0002067,K562,cell_line,adult,SAFB2,encode,single,False,1.139084815979004
1035,EFO:0002067 TF ChIP-seq SIN3A,.,TF ChIP-seq,EFO:0002067,K562,cell_line,adult,SIN3A,encode,single,False,1.0979924201965332
1036,EFO:0002067 TF ChIP-seq SIN3B,.,TF ChIP-seq,EFO:0002067,K562,cell_line,adult,SIN3B,encode,paired,False,0.8410826921463013
1037,EFO:0002067 TF ChIP-seq SIX5,.,TF ChIP-seq,EFO:0002067,K562,cell_line,adult,SIX5,encode,single,False,1.1674801111221313
1038,EFO:0002067 TF ChIP-seq SKIL,.,TF ChIP-seq,EFO:0002067,K562,cell_line,adult,SKIL,encode,paired,False,0.7350330948829651
1039,EFO:0002067 TF ChIP-seq SMAD1,.,TF ChIP-seq,EFO:0002067,K562,cell_line,adult,SMAD1,encode,single,False,0.9776855707168579
1040,EFO:0002067 TF ChIP-seq SMAD2,.,TF ChIP-seq,EFO:0002067,K562,cell_line,adult,SMAD2,encode,single,False,0.9434632062911987
1041,EFO:0002067 TF ChIP-seq SMAD4 genetically modified (insertion) using CRISPR targeting H. sapiens SMAD4,.,TF ChIP-seq,EFO:0002067,K562,cell_line,adult,SMAD4,encode,paired,True,0.720896303653717
1042,EFO:0002067 TF ChIP-seq SMAD5,.,TF ChIP-seq,EFO:0002067,K562,cell_line,adult,SMAD5,encode,single,False,0.9608269333839417
1043,EFO:0002067 TF ChIP-seq SMARCA4,.,TF ChIP-seq,EFO:0002067,K562,cell_line,adult,SMARCA4,encode,paired,False,0.7394760251045227
1044,EFO:0002067 TF ChIP-seq SMARCA5,.,TF ChIP-seq,EFO:0002067,K562,cell_line,adult,SMARCA5,encode,paired,False,0.7277631163597107
1045,EFO:0002067 TF ChIP-seq SMARCC2,.,TF ChIP-seq,EFO:0002067,K562,cell_line,adult,SMARCC2,encode,paired,False,0.7676258087158203
1046,EFO:0002067 TF ChIP-seq SMARCE1,.,TF ChIP-seq,EFO:0002067,K562,cell_line,adult,SMARCE1,encode,paired,False,0.7398307919502258
1047,EFO:0002067 TF ChIP-seq SMC3,.,TF ChIP-seq,EFO:0002067,K562,cell_line,adult,SMC3,encode,single,False,1.3644468784332275
1048,EFO:0002067 TF ChIP-seq SOX6,.,TF ChIP-seq,EFO:0002067,K562,cell_line,adult,SOX6,encode,paired,False,0.7324685454368591
1049,EFO:0002067 TF ChIP-seq SP1,.,TF ChIP-seq,EFO:0002067,K562,cell_line,adult,SP1,encode,paired,False,0.7654118537902832
1050,EFO:0002067 TF ChIP-seq SP1 genetically modified (insertion) using CRISPR targeting H. sapiens SP1,.,TF ChIP-seq,EFO:0002067,K562,cell_line,adult,SP1,encode,single,True,0.742745578289032
1051,EFO:0002067 TF ChIP-seq SPI1,.,TF ChIP-seq,EFO:0002067,K562,cell_line,adult,SPI1,encode,single,False,1.3911668062210083
1052,EFO:0002067 TF ChIP-seq SRF genetically modified (insertion) using CRISPR targeting H. sapiens SRF,.,TF ChIP-seq,EFO:0002067,K562,cell_line,adult,SRF,encode,single,True,0.7424814105033875
1053,EFO:0002067 TF ChIP-seq SRSF9,.,TF ChIP-seq,EFO:0002067,K562,cell_line,adult,SRSF9,encode,single,False,1.172098994255066
1054,EFO:0002067 TF ChIP-seq STAG1 genetically modified (insertion) using CRISPR targeting H. sapiens STAG1,.,TF ChIP-seq,EFO:0002067,K562,cell_line,adult,STAG1,encode,single,True,0.9183357954025269
1055,EFO:0002067 TF ChIP-seq STAT5A,.,TF ChIP-seq,EFO:0002067,K562,cell_line,adult,STAT5A,encode,single,False,0.8073445558547974
1056,EFO:0002067 TF ChIP-seq SUPT5H,.,TF ChIP-seq,EFO:0002067,K562,cell_line,adult,SUPT5H,encode,paired,False,0.7458620667457581
1057,EFO:0002067 TF ChIP-seq TAF7,.,TF ChIP-seq,EFO:0002067,K562,cell_line,adult,TAF7,encode,single,False,1.1500465869903564
1058,EFO:0002067 TF ChIP-seq TAF7 stably expressing C-terminal eGFP-tagged TAF7,.,TF ChIP-seq,EFO:0002067,K562,cell_line,adult,TAF7,encode,paired,True,0.7590504884719849
1059,EFO:0002067 TF ChIP-seq TAF9B,.,TF ChIP-seq,EFO:0002067,K562,cell_line,adult,TAF9B,encode,paired,False,0.7239880561828613
1060,EFO:0002067 TF ChIP-seq TAL1,.,TF ChIP-seq,EFO:0002067,K562,cell_line,adult,TAL1,encode,paired,False,0.7490862011909485
1061,EFO:0002067 TF ChIP-seq TARDBP,.,TF ChIP-seq,EFO:0002067,K562,cell_line,adult,TARDBP,encode,single,False,0.875562846660614
1062,EFO:0002067 TF ChIP-seq TBL1XR1,.,TF ChIP-seq,EFO:0002067,K562,cell_line,adult,TBL1XR1,encode,single,False,0.8442903161048889
1063,EFO:0002067 TF ChIP-seq TCF12,.,TF ChIP-seq,EFO:0002067,K562,cell_line,adult,TCF12,encode,paired,False,0.7103191018104553
1064,EFO:0002067 TF ChIP-seq TCF3 genetically modified (insertion) using CRISPR targeting H. sapiens TCF3,.,TF ChIP-seq,EFO:0002067,K562,cell_line,adult,TCF3,encode,single,True,0.7727130651473999
1065,EFO:0002067 TF ChIP-seq TEAD1 genetically modified (insertion) using CRISPR targeting H. sapiens TEAD1,.,TF ChIP-seq,EFO:0002067,K562,cell_line,adult,TEAD1,encode,paired,True,0.760358452796936
1066,EFO:0002067 TF ChIP-seq TEAD4,.,TF ChIP-seq,EFO:0002067,K562,cell_line,adult,TEAD4,encode,single,False,0.7910444736480713
1067,EFO:0002067 TF ChIP-seq TFAP4 genetically modified (insertion) using CRISPR targeting H. sapiens TFAP4,.,TF ChIP-seq,EFO:0002067,K562,cell_line,adult,TFAP4,encode,single,True,0.800918459892273
1068,EFO:0002067 TF ChIP-seq TFCP2 genetically modified (insertion) using CRISPR targeting H. sapiens TFCP2,.,TF ChIP-seq,EFO:0002067,K562,cell_line,adult,TFCP2,encode,paired,True,0.7610214948654175
1069,EFO:0002067 TF ChIP-seq TFDP1 genetically modified (insertion) using CRISPR targeting H. sapiens TFDP1,.,TF ChIP-seq,EFO:0002067,K562,cell_line,adult,TFDP1,encode,single,True,0.7725210785865784
1070,EFO:0002067 TF ChIP-seq TFDP1 stably expressing C-terminal eGFP-tagged TFDP1,.,TF ChIP-seq,EFO:0002067,K562,cell_line,adult,TFDP1,encode,single,True,0.686795175075531
1071,EFO:0002067 TF ChIP-seq TFE3 genetically modified (insertion) using CRISPR targeting H. sapiens TFE3,.,TF ChIP-seq,EFO:0002067,K562,cell_line,adult,TFE3,encode,paired,True,0.7611032724380493
1072,EFO:0002067 TF ChIP-seq THAP1,.,TF ChIP-seq,EFO:0002067,K562,cell_line,adult,THAP1,encode,single,False,1.4245359897613525
1073,EFO:0002067 TF ChIP-seq THAP12 genetically modified (insertion) using CRISPR targeting H. sapiens THAP12,.,TF ChIP-seq,EFO:0002067,K562,cell_line,adult,THAP12,encode,paired,True,0.7734336256980896
1074,EFO:0002067 TF ChIP-seq TOE1,.,TF ChIP-seq,EFO:0002067,K562,cell_line,adult,TOE1,encode,paired,False,0.7115976810455322
1075,EFO:0002067 TF ChIP-seq TRIM24,.,TF ChIP-seq,EFO:0002067,K562,cell_line,adult,TRIM24,encode,paired,False,0.7081927061080933
1076,EFO:0002067 TF ChIP-seq TRIM28,.,TF ChIP-seq,EFO:0002067,K562,cell_line,adult,TRIM28,encode,paired,False,0.7611648440361023
1077,EFO:0002067 TF ChIP-seq U2AF2,.,TF ChIP-seq,EFO:0002067,K562,cell_line,adult,U2AF2,encode,single,False,1.2891260385513306
1078,EFO:0002067 TF ChIP-seq UBTF,.,TF ChIP-seq,EFO:0002067,K562,cell_line,adult,UBTF,encode,single,False,0.8744702935218811
1079,EFO:0002067 TF ChIP-seq USF1 genetically modified (insertion) using CRISPR targeting H. sapiens USF1,.,TF ChIP-seq,EFO:0002067,K562,cell_line,adult,USF1,encode,single,True,0.8369629979133606
1080,EFO:0002067 TF ChIP-seq USF2 genetically modified (insertion) using CRISPR targeting H. sapiens USF2,.,TF ChIP-seq,EFO:0002067,K562,cell_line,adult,USF2,encode,single,True,0.681108295917511
1081,EFO:0002067 TF ChIP-seq VEZF1 genetically modified (insertion) using CRISPR targeting H. sapiens VEZF1,.,TF ChIP-seq,EFO:0002067,K562,cell_line,adult,VEZF1,encode,single,True,0.6542762517929077
1082,EFO:0002067 TF ChIP-seq XRCC4,.,TF ChIP-seq,EFO:0002067,K562,cell_line,adult,XRCC4,encode,single,False,2.3625569343566895
1083,EFO:0002067 TF ChIP-seq XRCC5,.,TF ChIP-seq,EFO:0002067,K562,cell_line,adult,XRCC5,encode,single,False,1.0818839073181152
1084,EFO:0002067 TF ChIP-seq YY1,.,TF ChIP-seq,EFO:0002067,K562,cell_line,adult,YY1,encode,single,False,2.0809175968170166
1085,EFO:0002067 TF ChIP-seq ZBTB1 genetically modified (insertion) using CRISPR targeting H. sapiens ZBTB1,.,TF ChIP-seq,EFO:0002067,K562,cell_line,adult,ZBTB1,encode,single,True,0.8036295771598816
1086,EFO:0002067 TF ChIP-seq ZBTB11,.,TF ChIP-seq,EFO:0002067,K562,cell_line,adult,ZBTB11,encode,single,False,0.9554795026779175
1087,EFO:0002067 TF ChIP-seq ZBTB11 genetically modified (insertion) using CRISPR targeting H. sapiens ZBTB11,.,TF ChIP-seq,EFO:0002067,K562,cell_line,adult,ZBTB11,encode,paired,True,0.7504832744598389
1088,EFO:0002067 TF ChIP-seq ZBTB12 genetically modified (insertion) using CRISPR targeting H. sapiens ZBTB12,.,TF ChIP-seq,EFO:0002067,K562,cell_line,adult,ZBTB12,encode,paired,True,0.7808088064193726
1089,EFO:0002067 TF ChIP-seq ZBTB17 genetically modified (insertion) using CRISPR targeting H. sapiens ZBTB17,.,TF ChIP-seq,EFO:0002067,K562,cell_line,adult,ZBTB17,encode,paired,True,0.7335343956947327
1090,EFO:0002067 TF ChIP-seq ZBTB2,.,TF ChIP-seq,EFO:0002067,K562,cell_line,adult,ZBTB2,encode,paired,False,0.7584373354911804
1091,EFO:0002067 TF ChIP-seq ZBTB33,.,TF ChIP-seq,EFO:0002067,K562,cell_line,adult,ZBTB33,encode,paired,False,0.7912142872810364
1092,EFO:0002067 TF ChIP-seq ZBTB33 genetically modified (insertion) using CRISPR targeting H. sapiens ZBTB33,.,TF ChIP-seq,EFO:0002067,K562,cell_line,adult,ZBTB33,encode,single,True,0.7409558892250061
1093,EFO:0002067 TF ChIP-seq ZBTB40,.,TF ChIP-seq,EFO:0002067,K562,cell_line,adult,ZBTB40,encode,paired,False,0.6905468106269836
1094,EFO:0002067 TF ChIP-seq ZBTB40 genetically modified (insertion) using CRISPR targeting H. sapiens ZBTB40,.,TF ChIP-seq,EFO:0002067,K562,cell_line,adult,ZBTB40,encode,single,True,0.6986982226371765
1095,EFO:0002067 TF ChIP-seq ZBTB7A,.,TF ChIP-seq,EFO:0002067,K562,cell_line,adult,ZBTB7A,encode,single,False,1.208380937576294
1096,EFO:0002067 TF ChIP-seq ZBTB9 genetically modified (insertion) using CRISPR targeting H. sapiens ZBTB9,.,TF ChIP-seq,EFO:0002067,K562,cell_line,adult,ZBTB9,encode,paired,True,0.7413772344589233
1097,EFO:0002067 TF ChIP-seq ZC3H8,.,TF ChIP-seq,EFO:0002067,K562,cell_line,adult,ZC3H8,encode,paired,False,0.7503007650375366
1098,EFO:0002067 TF ChIP-seq ZEB2,.,TF ChIP-seq,EFO:0002067,K562,cell_line,adult,ZEB2,encode,paired,False,0.7449125051498413
1099,EFO:0002067 TF ChIP-seq ZFP36,.,TF ChIP-seq,EFO:0002067,K562,cell_line,adult,ZFP36,encode,single,False,1.143924593925476
1100,EFO:0002067 TF ChIP-seq ZFP91,.,TF ChIP-seq,EFO:0002067,K562,cell_line,adult,ZFP91,encode,paired,False,0.7139805555343628
1101,EFO:0002067 TF ChIP-seq ZFX genetically modified (insertion) using CRISPR targeting H. sapiens ZFX,.,TF ChIP-seq,EFO:0002067,K562,cell_line,adult,ZFX,encode,single,True,0.6198107600212097
1102,EFO:0002067 TF ChIP-seq ZKSCAN1,.,TF ChIP-seq,EFO:0002067,K562,cell_line,adult,ZKSCAN1,encode,single,False,1.0362964868545532
1103,EFO:0002067 TF ChIP-seq ZKSCAN8 genetically modified (insertion) using CRISPR targeting H. sapiens ZKSCAN8,.,TF ChIP-seq,EFO:0002067,K562,cell_line,adult,ZKSCAN8,encode,single,True,0.7075083255767822
1104,EFO:0002067 TF ChIP-seq ZMIZ1,.,TF ChIP-seq,EFO:0002067,K562,cell_line,adult,ZMIZ1,encode,single,False,0.9531635642051697
1105,EFO:0002067 TF ChIP-seq ZMYM3,.,TF ChIP-seq,EFO:0002067,K562,cell_line,adult,ZMYM3,encode,single,False,0.8098875880241394
1106,EFO:0002067 TF ChIP-seq ZNF12 genetically modified (insertion) using CRISPR targeting H. sapiens ZNF12,.,TF ChIP-seq,EFO:0002067,K562,cell_line,adult,ZNF12,encode,single,True,0.8228415846824646
1107,EFO:0002067 TF ChIP-seq ZNF121 genetically modified (insertion) using CRISPR targeting H. sapiens ZNF121,.,TF ChIP-seq,EFO:0002067,K562,cell_line,adult,ZNF121,encode,single,True,0.7805959582328796
1108,EFO:0002067 TF ChIP-seq ZNF134 genetically modified (insertion) using CRISPR targeting H. sapiens ZNF134,.,TF ChIP-seq,EFO:0002067,K562,cell_line,adult,ZNF134,encode,paired,True,0.7654262781143188
1109,EFO:0002067 TF ChIP-seq ZNF143 genetically modified (insertion) using CRISPR targeting H. sapiens ZNF143,.,TF ChIP-seq,EFO:0002067,K562,cell_line,adult,ZNF143,encode,single,True,0.7785401344299316
1110,EFO:0002067 TF ChIP-seq ZNF146 genetically modified (insertion) using CRISPR targeting H. sapiens ZNF146,.,TF ChIP-seq,EFO:0002067,K562,cell_line,adult,ZNF146,encode,single,True,1.1091911792755127
1111,EFO:0002067 TF ChIP-seq ZNF148 stably expressing C-terminal eGFP-tagged ZNF148,.,TF ChIP-seq,EFO:0002067,K562,cell_line,adult,ZNF148,encode,single,True,0.727380096912384
1112,EFO:0002067 TF ChIP-seq ZNF175 genetically modified (insertion) using CRISPR targeting H. sapiens ZNF175,.,TF ChIP-seq,EFO:0002067,K562,cell_line,adult,ZNF175,encode,single,True,0.7586915493011475
1113,EFO:0002067 TF ChIP-seq ZNF184,.,TF ChIP-seq,EFO:0002067,K562,cell_line,adult,ZNF184,encode,paired,False,0.7603538632392883
1114,EFO:0002067 TF ChIP-seq ZNF197 genetically modified (insertion) using CRISPR targeting H. sapiens ZNF197,.,TF ChIP-seq,EFO:0002067,K562,cell_line,adult,ZNF197,encode,single,True,0.8466202616691589
1115,EFO:0002067 TF ChIP-seq ZNF239 genetically modified (insertion) using CRISPR targeting H. sapiens ZNF239,.,TF ChIP-seq,EFO:0002067,K562,cell_line,adult,ZNF239,encode,paired,True,0.7505562901496887
1116,EFO:0002067 TF ChIP-seq ZNF24,.,TF ChIP-seq,EFO:0002067,K562,cell_line,adult,ZNF24,encode,paired,False,0.7610437273979187
1117,EFO:0002067 TF ChIP-seq ZNF24 stably expressing C-terminal eGFP-tagged ZNF24,.,TF ChIP-seq,EFO:0002067,K562,cell_line,adult,ZNF24,encode,paired,True,0.7622102499008179
1118,EFO:0002067 TF ChIP-seq ZNF263 genetically modified (insertion) using CRISPR targeting H. sapiens ZNF263,.,TF ChIP-seq,EFO:0002067,K562,cell_line,adult,ZNF263,encode,single,True,0.8663104176521301
1119,EFO:0002067 TF ChIP-seq ZNF274,.,TF ChIP-seq,EFO:0002067,K562,cell_line,adult,ZNF274,encode,single,False,0.8948808908462524
1120,EFO:0002067 TF ChIP-seq ZNF281 genetically modified (insertion) using CRISPR targeting H. sapiens ZNF281,.,TF ChIP-seq,EFO:0002067,K562,cell_line,adult,ZNF281,encode,paired,True,0.7336156368255615
1121,EFO:0002067 TF ChIP-seq ZNF282,.,TF ChIP-seq,EFO:0002067,K562,cell_line,adult,ZNF282,encode,paired,False,0.7545889616012573
1122,EFO:0002067 TF ChIP-seq ZNF316,.,TF ChIP-seq,EFO:0002067,K562,cell_line,adult,ZNF316,encode,paired,False,0.7226758599281311
1123,EFO:0002067 TF ChIP-seq ZNF317 genetically modified (insertion) using CRISPR targeting H. sapiens ZNF317,.,TF ChIP-seq,EFO:0002067,K562,cell_line,adult,ZNF317,encode,single,True,0.7820757031440735
1124,EFO:0002067 TF ChIP-seq ZNF318,.,TF ChIP-seq,EFO:0002067,K562,cell_line,adult,ZNF318,encode,paired,False,0.816116452217102
1125,EFO:0002067 TF ChIP-seq ZNF319 genetically modified (insertion) using CRISPR targeting H. sapiens ZNF319,.,TF ChIP-seq,EFO:0002067,K562,cell_line,adult,ZNF319,encode,paired,True,0.7530524730682373
1126,EFO:0002067 TF ChIP-seq ZNF384,.,TF ChIP-seq,EFO:0002067,K562,cell_line,adult,ZNF384,encode,single,False,1.01952064037323
1127,EFO:0002067 TF ChIP-seq ZNF395 genetically modified (insertion) using CRISPR targeting H. sapiens ZNF395,.,TF ChIP-seq,EFO:0002067,K562,cell_line,adult,ZNF395,encode,single,True,0.6599109172821045
1128,EFO:0002067 TF ChIP-seq ZNF407,.,TF ChIP-seq,EFO:0002067,K562,cell_line,adult,ZNF407,encode,paired,False,0.7549965381622314
1129,EFO:0002067 TF ChIP-seq ZNF431 genetically modified (insertion) using CRISPR targeting H. sapiens ZNF431,.,TF ChIP-seq,EFO:0002067,K562,cell_line,adult,ZNF431,encode,single,True,0.8988416790962219
1130,EFO:0002067 TF ChIP-seq ZNF507 genetically modified (insertion) using CRISPR targeting H. sapiens ZNF507,.,TF ChIP-seq,EFO:0002067,K562,cell_line,adult,ZNF507,encode,paired,True,0.8188410401344299
1131,EFO:0002067 TF ChIP-seq ZNF507 stably expressing C-terminal eGFP-tagged ZNF507,.,TF ChIP-seq,EFO:0002067,K562,cell_line,adult,ZNF507,encode,paired,True,0.7451781034469604
1132,EFO:0002067 TF ChIP-seq ZNF511 genetically modified (insertion) using CRISPR targeting H. sapiens ZNF511,.,TF ChIP-seq,EFO:0002067,K562,cell_line,adult,ZNF511,encode,single,True,0.9621068239212036
1133,EFO:0002067 TF ChIP-seq ZNF512 stably expressing C-terminal eGFP-tagged ZNF512,.,TF ChIP-seq,EFO:0002067,K562,cell_line,adult,ZNF512,encode,paired,True,0.7735694050788879
1134,EFO:0002067 TF ChIP-seq ZNF584 genetically modified (insertion) using CRISPR targeting H. sapiens ZNF584,.,TF ChIP-seq,EFO:0002067,K562,cell_line,adult,ZNF584,encode,single,True,0.7588493227958679
1135,EFO:0002067 TF ChIP-seq ZNF589 genetically modified (insertion) using CRISPR targeting H. sapiens ZNF589,.,TF ChIP-seq,EFO:0002067,K562,cell_line,adult,ZNF589,encode,single,True,0.7043750882148743
1136,EFO:0002067 TF ChIP-seq ZNF592,.,TF ChIP-seq,EFO:0002067,K562,cell_line,adult,ZNF592,encode,paired,False,0.6934133768081665
1137,EFO:0002067 TF ChIP-seq ZNF639,.,TF ChIP-seq,EFO:0002067,K562,cell_line,adult,ZNF639,encode,paired,False,0.7604506611824036
1138,EFO:0002067 TF ChIP-seq ZNF639 genetically modified (insertion) using CRISPR targeting H. sapiens ZNF639,.,TF ChIP-seq,EFO:0002067,K562,cell_line,adult,ZNF639,encode,single,True,0.7275359034538269
1139,EFO:0002067 TF ChIP-seq ZNF644 stably expressing C-terminal eGFP-tagged ZNF644,.,TF ChIP-seq,EFO:0002067,K562,cell_line,adult,ZNF644,encode,single,True,0.7421042323112488
1140,EFO:0002067 TF ChIP-seq ZNF7 genetically modified (insertion) using CRISPR targeting H. sapiens ZNF7,.,TF ChIP-seq,EFO:0002067,K562,cell_line,adult,ZNF7,encode,single,True,0.9929322600364685
1141,EFO:0002067 TF ChIP-seq ZNF740 genetically modified (insertion) using CRISPR targeting H. sapiens ZNF740,.,TF ChIP-seq,EFO:0002067,K562,cell_line,adult,ZNF740,encode,single,True,0.8395931124687195
1142,EFO:0002067 TF ChIP-seq ZNF740 stably expressing C-terminal eGFP-tagged ZNF740,.,TF ChIP-seq,EFO:0002067,K562,cell_line,adult,ZNF740,encode,single,True,0.7609802484512329
1143,EFO:0002067 TF ChIP-seq ZNF766 genetically modified (insertion) using CRISPR targeting H. sapiens ZNF766,.,TF ChIP-seq,EFO:0002067,K562,cell_line,adult,ZNF766,encode,single,True,0.6957311034202576
1144,EFO:0002067 TF ChIP-seq ZNF778 genetically modified (insertion) using CRISPR targeting H. sapiens ZNF778,.,TF ChIP-seq,EFO:0002067,K562,cell_line,adult,ZNF778,encode,paired,True,0.7747440338134766
1145,EFO:0002067 TF ChIP-seq ZNF83 stably expressing C-terminal eGFP-tagged ZNF83,.,TF ChIP-seq,EFO:0002067,K562,cell_line,adult,ZNF83,encode,single,True,0.7454000115394592
1146,EFO:0002067 TF ChIP-seq ZSCAN29,.,TF ChIP-seq,EFO:0002067,K562,cell_line,adult,ZSCAN29,encode,paired,False,0.7692245244979858
1147,EFO:0002071 TF ChIP-seq CTCF,.,TF ChIP-seq,EFO:0002071,LNCAP,cell_line,adult,CTCF,encode,paired,False,0.8256818056106567
1148,EFO:0002074 TF ChIP-seq CTCF,.,TF ChIP-seq,EFO:0002074,PC-3,cell_line,adult,CTCF,encode,single,False,0.7678418755531311
1149,EFO:0002095 TF ChIP-seq CTCF,.,TF ChIP-seq,EFO:0002095,22Rv1,cell_line,unknown,CTCF,encode,paired,False,0.8047417998313904
1150,EFO:0002106 TF ChIP-seq CTCF,.,TF ChIP-seq,EFO:0002106,A673,cell_line,child,CTCF,encode,single,False,0.9041909575462341
1151,EFO:0002167 TF ChIP-seq CTCF,.,TF ChIP-seq,EFO:0002167,DOHH2,cell_line,adult,CTCF,encode,single,False,0.9119095802307129
1152,EFO:0002323 TF ChIP-seq CTCF,.,TF ChIP-seq,EFO:0002323,RWPE1,cell_line,adult,CTCF,encode,paired,False,0.7968147397041321
1153,EFO:0002324 TF ChIP-seq POLR2A,.,TF ChIP-seq,EFO:0002324,Raji,cell_line,child,POLR2A,encode,single,False,1.6285711526870728
1154,EFO:0002713 TF ChIP-seq CTCF,.,TF ChIP-seq,EFO:0002713,Panc1,cell_line,adult,CTCF,encode,paired,False,0.6075640320777893
1155,EFO:0002713 TF ChIP-seq POLR2AphosphoS5,.,TF ChIP-seq,EFO:0002713,Panc1,cell_line,adult,POLR2AphosphoS5,encode,single,False,1.0583422183990479
1156,EFO:0002713 TF ChIP-seq REST,.,TF ChIP-seq,EFO:0002713,Panc1,cell_line,adult,REST,encode,single,False,0.9162997603416443
1157,EFO:0002713 TF ChIP-seq SIN3A,.,TF ChIP-seq,EFO:0002713,Panc1,cell_line,adult,SIN3A,encode,single,False,1.2874321937561035
1158,EFO:0002713 TF ChIP-seq TCF7L2,.,TF ChIP-seq,EFO:0002713,Panc1,cell_line,adult,TCF7L2,encode,single,False,0.9237092137336731
1159,EFO:0002717 TF ChIP-seq GATA2,.,TF ChIP-seq,EFO:0002717,SH-SY5Y,cell_line,child,GATA2,encode,single,False,0.8370505571365356
1160,EFO:0002717 TF ChIP-seq GATA3,.,TF ChIP-seq,EFO:0002717,SH-SY5Y,cell_line,child,GATA3,encode,single,False,0.8342966437339783
1161,EFO:0002779 TF ChIP-seq CTCF,.,TF ChIP-seq,EFO:0002779,BJ,cell_line,newborn,CTCF,encode,single,False,1.5481891632080078
1162,EFO:0002782 TF ChIP-seq CTCF,.,TF ChIP-seq,EFO:0002782,H54,cell_line,adult,CTCF,encode,single,False,0.8849052786827087
1163,EFO:0002782 TF ChIP-seq POLR2A,.,TF ChIP-seq,EFO:0002782,H54,cell_line,adult,POLR2A,encode,single,False,1.3881546258926392
1164,EFO:0002783 TF ChIP-seq CTCF,.,TF ChIP-seq,EFO:0002783,GM06990,cell_line,unknown,CTCF,encode,single,False,1.6623926162719727
1165,EFO:0002784 TF ChIP-seq ARID3A,.,TF ChIP-seq,EFO:0002784,GM12878,cell_line,adult,ARID3A,encode,paired,False,0.8466317653656006
1166,EFO:0002784 TF ChIP-seq ARNT,.,TF ChIP-seq,EFO:0002784,GM12878,cell_line,adult,ARNT,encode,paired,False,0.763182520866394
1167,EFO:0002784 TF ChIP-seq ATF2,.,TF ChIP-seq,EFO:0002784,GM12878,cell_line,adult,ATF2,encode,single,False,0.8114324808120728
1168,EFO:0002784 TF ChIP-seq ATF7,.,TF ChIP-seq,EFO:0002784,GM12878,cell_line,adult,ATF7,encode,paired,False,0.8121883869171143
1169,EFO:0002784 TF ChIP-seq BACH1,.,TF ChIP-seq,EFO:0002784,GM12878,cell_line,adult,BACH1,encode,paired,False,0.8098840117454529
1170,EFO:0002784 TF ChIP-seq BATF,.,TF ChIP-seq,EFO:0002784,GM12878,cell_line,adult,BATF,encode,single,False,1.2688853740692139
1171,EFO:0002784 TF ChIP-seq BCL11A,.,TF ChIP-seq,EFO:0002784,GM12878,cell_line,adult,BCL11A,encode,single,False,1.2637768983840942
1172,EFO:0002784 TF ChIP-seq BCLAF1,.,TF ChIP-seq,EFO:0002784,GM12878,cell_line,adult,BCLAF1,encode,single,False,0.8979194164276123
1173,EFO:0002784 TF ChIP-seq BHLHE40,.,TF ChIP-seq,EFO:0002784,GM12878,cell_line,adult,BHLHE40,encode,paired,False,0.8036395907402039
1174,EFO:0002784 TF ChIP-seq BMI1,.,TF ChIP-seq,EFO:0002784,GM12878,cell_line,adult,BMI1,encode,paired,False,0.7649086713790894
1175,EFO:0002784 TF ChIP-seq CBFB,.,TF ChIP-seq,EFO:0002784,GM12878,cell_line,adult,CBFB,encode,single,False,0.9959642887115479
1176,EFO:0002784 TF ChIP-seq CBX5,.,TF ChIP-seq,EFO:0002784,GM12878,cell_line,adult,CBX5,encode,single,False,1.2796146869659424
1177,EFO:0002784 TF ChIP-seq CHD2,.,TF ChIP-seq,EFO:0002784,GM12878,cell_line,adult,CHD2,encode,single,False,1.0071414709091187
1178,EFO:0002784 TF ChIP-seq CREB1,.,TF ChIP-seq,EFO:0002784,GM12878,cell_line,adult,CREB1,encode,single,False,1.0426172018051147
1179,EFO:0002784 TF ChIP-seq CREM,.,TF ChIP-seq,EFO:0002784,GM12878,cell_line,adult,CREM,encode,single,False,0.9329168796539307
1180,EFO:0002784 TF ChIP-seq CTCF,.,TF ChIP-seq,EFO:0002784,GM12878,cell_line,adult,CTCF,encode,single,False,0.6975416541099548
1181,EFO:0002784 TF ChIP-seq DPF2,.,TF ChIP-seq,EFO:0002784,GM12878,cell_line,adult,DPF2,encode,paired,False,0.765080451965332
1182,EFO:0002784 TF ChIP-seq E4F1,.,TF ChIP-seq,EFO:0002784,GM12878,cell_line,adult,E4F1,encode,paired,False,0.8697091937065125
1183,EFO:0002784 TF ChIP-seq EBF1,.,TF ChIP-seq,EFO:0002784,GM12878,cell_line,adult,EBF1,encode,single,False,1.1038413047790527
1184,EFO:0002784 TF ChIP-seq EED,.,TF ChIP-seq,EFO:0002784,GM12878,cell_line,adult,EED,encode,single,False,0.9315423965454102
1185,EFO:0002784 TF ChIP-seq EGR1,.,TF ChIP-seq,EFO:0002784,GM12878,cell_line,adult,EGR1,encode,single,False,1.2793463468551636
1186,EFO:0002784 TF ChIP-seq ELF1,.,TF ChIP-seq,EFO:0002784,GM12878,cell_line,adult,ELF1,encode,paired,False,0.7402936816215515
1187,EFO:0002784 TF ChIP-seq ELK1,.,TF ChIP-seq,EFO:0002784,GM12878,cell_line,adult,ELK1,encode,single,False,0.9147463440895081
1188,EFO:0002784 TF ChIP-seq EP300,.,TF ChIP-seq,EFO:0002784,GM12878,cell_line,adult,EP300,encode,single,False,0.8372145295143127
1189,EFO:0002784 TF ChIP-seq ETS1,.,TF ChIP-seq,EFO:0002784,GM12878,cell_line,adult,ETS1,encode,single,False,1.1213937997817993
1190,EFO:0002784 TF ChIP-seq ETV6,.,TF ChIP-seq,EFO:0002784,GM12878,cell_line,adult,ETV6,encode,single,False,0.8782020211219788
1191,EFO:0002784 TF ChIP-seq FOXK2,.,TF ChIP-seq,EFO:0002784,GM12878,cell_line,adult,FOXK2,encode,paired,False,0.7933183908462524
1192,EFO:0002784 TF ChIP-seq FOXM1,.,TF ChIP-seq,EFO:0002784,GM12878,cell_line,adult,FOXM1,encode,single,False,0.8194576501846313
1193,EFO:0002784 TF ChIP-seq GABPA,.,TF ChIP-seq,EFO:0002784,GM12878,cell_line,adult,GABPA,encode,single,False,1.061450719833374
1194,EFO:0002784 TF ChIP-seq GATAD2B,.,TF ChIP-seq,EFO:0002784,GM12878,cell_line,adult,GATAD2B,encode,paired,False,0.8049954771995544
1195,EFO:0002784 TF ChIP-seq HCFC1,.,TF ChIP-seq,EFO:0002784,GM12878,cell_line,adult,HCFC1,encode,single,False,0.9453191757202148
1196,EFO:0002784 TF ChIP-seq HDGF,.,TF ChIP-seq,EFO:0002784,GM12878,cell_line,adult,HDGF,encode,paired,False,0.7890187501907349
1197,EFO:0002784 TF ChIP-seq IKZF1,.,TF ChIP-seq,EFO:0002784,GM12878,cell_line,adult,IKZF1,encode,paired,False,0.6800206899642944
1198,EFO:0002784 TF ChIP-seq IKZF2,.,TF ChIP-seq,EFO:0002784,GM12878,cell_line,adult,IKZF2,encode,paired,False,0.7160203456878662
1199,EFO:0002784 TF ChIP-seq IRF4,.,TF ChIP-seq,EFO:0002784,GM12878,cell_line,adult,IRF4,encode,single,False,1.0405197143554688
1200,EFO:0002784 TF ChIP-seq JUNB,.,TF ChIP-seq,EFO:0002784,GM12878,cell_line,adult,JUNB,encode,single,False,0.8688349723815918
1201,EFO:0002784 TF ChIP-seq JUND,.,TF ChIP-seq,EFO:0002784,GM12878,cell_line,adult,JUND,encode,single,False,1.0850448608398438
1202,EFO:0002784 TF ChIP-seq KLF5,.,TF ChIP-seq,EFO:0002784,GM12878,cell_line,adult,KLF5,encode,paired,False,0.8311827182769775
1203,EFO:0002784 TF ChIP-seq LARP7,.,TF ChIP-seq,EFO:0002784,GM12878,cell_line,adult,LARP7,encode,paired,False,0.7827554941177368
1204,EFO:0002784 TF ChIP-seq MAFK,.,TF ChIP-seq,EFO:0002784,GM12878,cell_line,adult,MAFK,encode,single,False,0.9885203242301941
1205,EFO:0002784 TF ChIP-seq MAX,.,TF ChIP-seq,EFO:0002784,GM12878,cell_line,adult,MAX,encode,single,False,0.9872282147407532
1206,EFO:0002784 TF ChIP-seq MAZ,.,TF ChIP-seq,EFO:0002784,GM12878,cell_line,adult,MAZ,encode,single,False,0.9108998775482178
1207,EFO:0002784 TF ChIP-seq MAZ genetically modified (insertion) using CRISPR targeting H. sapiens MAZ,.,TF ChIP-seq,EFO:0002784,GM12878,cell_line,adult,MAZ,encode,paired,True,0.796148419380188
1208,EFO:0002784 TF ChIP-seq MEF2A,.,TF ChIP-seq,EFO:0002784,GM12878,cell_line,adult,MEF2A,encode,single,False,1.2698980569839478
1209,EFO:0002784 TF ChIP-seq MLLT1,.,TF ChIP-seq,EFO:0002784,GM12878,cell_line,adult,MLLT1,encode,paired,False,0.7722062468528748
1210,EFO:0002784 TF ChIP-seq MTA2,.,TF ChIP-seq,EFO:0002784,GM12878,cell_line,adult,MTA2,encode,paired,False,0.7164093852043152
1211,EFO:0002784 TF ChIP-seq MTA3,.,TF ChIP-seq,EFO:0002784,GM12878,cell_line,adult,MTA3,encode,single,False,0.7905999422073364
1212,EFO:0002784 TF ChIP-seq MXI1,.,TF ChIP-seq,EFO:0002784,GM12878,cell_line,adult,MXI1,encode,single,False,0.842041015625
1213,EFO:0002784 TF ChIP-seq NBN,.,TF ChIP-seq,EFO:0002784,GM12878,cell_line,adult,NBN,encode,paired,False,0.7843272686004639
1214,EFO:0002784 TF ChIP-seq NFATC1,.,TF ChIP-seq,EFO:0002784,GM12878,cell_line,adult,NFATC1,encode,single,False,0.8092830777168274
1215,EFO:0002784 TF ChIP-seq NFIC,.,TF ChIP-seq,EFO:0002784,GM12878,cell_line,adult,NFIC,encode,single,False,0.8510435223579407
1216,EFO:0002784 TF ChIP-seq NFYB,.,TF ChIP-seq,EFO:0002784,GM12878,cell_line,adult,NFYB,encode,single,False,1.1820787191390991
1217,EFO:0002784 TF ChIP-seq NKRF,.,TF ChIP-seq,EFO:0002784,GM12878,cell_line,adult,NKRF,encode,paired,False,0.7874102592468262
1218,EFO:0002784 TF ChIP-seq NR2C1,.,TF ChIP-seq,EFO:0002784,GM12878,cell_line,adult,NR2C1,encode,paired,False,0.801044225692749
1219,EFO:0002784 TF ChIP-seq NR2F1,.,TF ChIP-seq,EFO:0002784,GM12878,cell_line,adult,NR2F1,encode,paired,False,0.7675148248672485
1220,EFO:0002784 TF ChIP-seq NRF1,.,TF ChIP-seq,EFO:0002784,GM12878,cell_line,adult,NRF1,encode,single,False,1.0393208265304565
1221,EFO:0002784 TF ChIP-seq PAX5,.,TF ChIP-seq,EFO:0002784,GM12878,cell_line,adult,PAX5,encode,single,False,0.9504730701446533
1222,EFO:0002784 TF ChIP-seq PKNOX1,.,TF ChIP-seq,EFO:0002784,GM12878,cell_line,adult,PKNOX1,encode,paired,False,0.7586695551872253
1223,EFO:0002784 TF ChIP-seq PML,.,TF ChIP-seq,EFO:0002784,GM12878,cell_line,adult,PML,encode,single,False,0.823505163192749
1224,EFO:0002784 TF ChIP-seq POLR2A,.,TF ChIP-seq,EFO:0002784,GM12878,cell_line,adult,POLR2A,encode,single,False,1.2061704397201538
1225,EFO:0002784 TF ChIP-seq POLR2AphosphoS2,.,TF ChIP-seq,EFO:0002784,GM12878,cell_line,adult,POLR2AphosphoS2,encode,single,False,1.3626943826675415
1226,EFO:0002784 TF ChIP-seq POLR2AphosphoS5,.,TF ChIP-seq,EFO:0002784,GM12878,cell_line,adult,POLR2AphosphoS5,encode,single,False,1.2224026918411255
1227,EFO:0002784 TF ChIP-seq POU2F2,.,TF ChIP-seq,EFO:0002784,GM12878,cell_line,adult,POU2F2,encode,single,False,0.8817843198776245
1228,EFO:0002784 TF ChIP-seq RAD21,.,TF ChIP-seq,EFO:0002784,GM12878,cell_line,adult,RAD21,encode,single,False,0.8497679829597473
1229,EFO:0002784 TF ChIP-seq RAD51,.,TF ChIP-seq,EFO:0002784,GM12878,cell_line,adult,RAD51,encode,paired,False,0.7854951024055481
1230,EFO:0002784 TF ChIP-seq RB1,.,TF ChIP-seq,EFO:0002784,GM12878,cell_line,adult,RB1,encode,paired,False,0.8058056831359863
1231,EFO:0002784 TF ChIP-seq RELA,.,TF ChIP-seq,EFO:0002784,GM12878,cell_line,adult,RELA,encode,paired,False,0.8275986313819885
1232,EFO:0002784 TF ChIP-seq RELB,.,TF ChIP-seq,EFO:0002784,GM12878,cell_line,adult,RELB,encode,paired,False,0.7890749573707581
1233,EFO:0002784 TF ChIP-seq REST,.,TF ChIP-seq,EFO:0002784,GM12878,cell_line,adult,REST,encode,single,False,1.3281280994415283
1234,EFO:0002784 TF ChIP-seq RFX5,.,TF ChIP-seq,EFO:0002784,GM12878,cell_line,adult,RFX5,encode,single,False,0.927302360534668
1235,EFO:0002784 TF ChIP-seq RUNX3,.,TF ChIP-seq,EFO:0002784,GM12878,cell_line,adult,RUNX3,encode,single,False,0.7395882606506348
1236,EFO:0002784 TF ChIP-seq SIN3A,.,TF ChIP-seq,EFO:0002784,GM12878,cell_line,adult,SIN3A,encode,single,False,0.9674800038337708
1237,EFO:0002784 TF ChIP-seq SMAD1,.,TF ChIP-seq,EFO:0002784,GM12878,cell_line,adult,SMAD1,encode,paired,False,0.8233011960983276
1238,EFO:0002784 TF ChIP-seq SMAD5,.,TF ChIP-seq,EFO:0002784,GM12878,cell_line,adult,SMAD5,encode,single,False,1.0011628866195679
1239,EFO:0002784 TF ChIP-seq SMARCA5,.,TF ChIP-seq,EFO:0002784,GM12878,cell_line,adult,SMARCA5,encode,paired,False,0.7688422203063965
1240,EFO:0002784 TF ChIP-seq SMC3,.,TF ChIP-seq,EFO:0002784,GM12878,cell_line,adult,SMC3,encode,single,False,0.8684404492378235
1241,EFO:0002784 TF ChIP-seq SP1,.,TF ChIP-seq,EFO:0002784,GM12878,cell_line,adult,SP1,encode,single,False,1.6579777002334595
1242,EFO:0002784 TF ChIP-seq SPI1,.,TF ChIP-seq,EFO:0002784,GM12878,cell_line,adult,SPI1,encode,single,False,1.0628377199172974
1243,EFO:0002784 TF ChIP-seq SRF,.,TF ChIP-seq,EFO:0002784,GM12878,cell_line,adult,SRF,encode,single,False,1.4463177919387817
1244,EFO:0002784 TF ChIP-seq STAT5A,.,TF ChIP-seq,EFO:0002784,GM12878,cell_line,adult,STAT5A,encode,single,False,0.8305513858795166
1245,EFO:0002784 TF ChIP-seq SUPT20H,.,TF ChIP-seq,EFO:0002784,GM12878,cell_line,adult,SUPT20H,encode,single,False,1.0135798454284668
1246,EFO:0002784 TF ChIP-seq TAF1,.,TF ChIP-seq,EFO:0002784,GM12878,cell_line,adult,TAF1,encode,single,False,1.1568516492843628
1247,EFO:0002784 TF ChIP-seq TARDBP,.,TF ChIP-seq,EFO:0002784,GM12878,cell_line,adult,TARDBP,encode,paired,False,0.801723062992096
1248,EFO:0002784 TF ChIP-seq TBL1XR1,.,TF ChIP-seq,EFO:0002784,GM12878,cell_line,adult,TBL1XR1,encode,single,False,0.9644992351531982
1249,EFO:0002784 TF ChIP-seq TBP,.,TF ChIP-seq,EFO:0002784,GM12878,cell_line,adult,TBP,encode,single,False,0.8730894923210144
1250,EFO:0002784 TF ChIP-seq TBX21,.,TF ChIP-seq,EFO:0002784,GM12878,cell_line,adult,TBX21,encode,paired,False,0.8617342114448547
1251,EFO:0002784 TF ChIP-seq TCF12,.,TF ChIP-seq,EFO:0002784,GM12878,cell_line,adult,TCF12,encode,paired,False,0.8118125796318054
1252,EFO:0002784 TF ChIP-seq TCF3,.,TF ChIP-seq,EFO:0002784,GM12878,cell_line,adult,TCF3,encode,single,False,1.753556489944458
1253,EFO:0002784 TF ChIP-seq TCF7,.,TF ChIP-seq,EFO:0002784,GM12878,cell_line,adult,TCF7,encode,single,False,0.8476194143295288
1254,EFO:0002784 TF ChIP-seq TRIM22,.,TF ChIP-seq,EFO:0002784,GM12878,cell_line,adult,TRIM22,encode,paired,False,0.779391884803772
1255,EFO:0002784 TF ChIP-seq USF2,.,TF ChIP-seq,EFO:0002784,GM12878,cell_line,adult,USF2,encode,single,False,1.0036530494689941
1256,EFO:0002784 TF ChIP-seq YY1,.,TF ChIP-seq,EFO:0002784,GM12878,cell_line,adult,YY1,encode,single,False,1.254370093345642
1257,EFO:0002784 TF ChIP-seq ZBED1,.,TF ChIP-seq,EFO:0002784,GM12878,cell_line,adult,ZBED1,encode,single,False,0.8435477018356323
1258,EFO:0002784 TF ChIP-seq ZBTB11 genetically modified (insertion) using CRISPR targeting H. sapiens ZBTB11,.,TF ChIP-seq,EFO:0002784,GM12878,cell_line,adult,ZBTB11,encode,paired,True,0.7937339544296265
1259,EFO:0002784 TF ChIP-seq ZBTB40,.,TF ChIP-seq,EFO:0002784,GM12878,cell_line,adult,ZBTB40,encode,paired,False,0.7015077471733093
1260,EFO:0002784 TF ChIP-seq ZFP36,.,TF ChIP-seq,EFO:0002784,GM12878,cell_line,adult,ZFP36,encode,single,False,0.8901944756507874
1261,EFO:0002784 TF ChIP-seq ZNF207,.,TF ChIP-seq,EFO:0002784,GM12878,cell_line,adult,ZNF207,encode,paired,False,0.805801272392273
1262,EFO:0002784 TF ChIP-seq ZNF217,.,TF ChIP-seq,EFO:0002784,GM12878,cell_line,adult,ZNF217,encode,paired,False,0.7593768239021301
1263,EFO:0002784 TF ChIP-seq ZNF24,.,TF ChIP-seq,EFO:0002784,GM12878,cell_line,adult,ZNF24,encode,paired,False,0.7822429537773132
1264,EFO:0002784 TF ChIP-seq ZNF384,.,TF ChIP-seq,EFO:0002784,GM12878,cell_line,adult,ZNF384,encode,single,False,0.9425265789031982
1265,EFO:0002784 TF ChIP-seq ZNF687,.,TF ChIP-seq,EFO:0002784,GM12878,cell_line,adult,ZNF687,encode,paired,False,0.766869306564331
1266,EFO:0002785 TF ChIP-seq POLR2A,.,TF ChIP-seq,EFO:0002785,GM12891,cell_line,unknown,POLR2A,encode,single,False,1.0440921783447266
1267,EFO:0002785 TF ChIP-seq POLR2AphosphoS5,.,TF ChIP-seq,EFO:0002785,GM12891,cell_line,unknown,POLR2AphosphoS5,encode,single,False,1.2004681825637817
1268,EFO:0002785 TF ChIP-seq POU2F2,.,TF ChIP-seq,EFO:0002785,GM12891,cell_line,unknown,POU2F2,encode,single,False,0.886300802230835
1269,EFO:0002785 TF ChIP-seq SPI1,.,TF ChIP-seq,EFO:0002785,GM12891,cell_line,unknown,SPI1,encode,single,False,1.0274730920791626
1270,EFO:0002785 TF ChIP-seq TAF1,.,TF ChIP-seq,EFO:0002785,GM12891,cell_line,unknown,TAF1,encode,single,False,0.994174599647522
1271,EFO:0002785 TF ChIP-seq YY1,.,TF ChIP-seq,EFO:0002785,GM12891,cell_line,unknown,YY1,encode,single,False,1.1923378705978394
1272,EFO:0002786 TF ChIP-seq POLR2A,.,TF ChIP-seq,EFO:0002786,GM12892,cell_line,unknown,POLR2A,encode,single,False,0.917452335357666
1273,EFO:0002786 TF ChIP-seq POLR2AphosphoS5,.,TF ChIP-seq,EFO:0002786,GM12892,cell_line,unknown,POLR2AphosphoS5,encode,single,False,1.1861841678619385
1274,EFO:0002786 TF ChIP-seq TAF1,.,TF ChIP-seq,EFO:0002786,GM12892,cell_line,unknown,TAF1,encode,single,False,1.083040714263916
1275,EFO:0002786 TF ChIP-seq YY1,.,TF ChIP-seq,EFO:0002786,GM12892,cell_line,unknown,YY1,encode,single,False,1.0295073986053467
1276,EFO:0002791 TF ChIP-seq BRCA1,.,TF ChIP-seq,EFO:0002791,HeLa-S3,cell_line,adult,BRCA1,encode,single,False,0.9932080507278442
1277,EFO:0002791 TF ChIP-seq BRF2,.,TF ChIP-seq,EFO:0002791,HeLa-S3,cell_line,adult,BRF2,encode,single,False,1.1048264503479004
1278,EFO:0002791 TF ChIP-seq CEBPB,.,TF ChIP-seq,EFO:0002791,HeLa-S3,cell_line,adult,CEBPB,encode,single,False,1.1624259948730469
1279,EFO:0002791 TF ChIP-seq CHD2,.,TF ChIP-seq,EFO:0002791,HeLa-S3,cell_line,adult,CHD2,encode,single,False,1.2239834070205688
1280,EFO:0002791 TF ChIP-seq CTCF,.,TF ChIP-seq,EFO:0002791,HeLa-S3,cell_line,adult,CTCF,encode,single,False,1.0624818801879883
1281,EFO:0002791 TF ChIP-seq E2F1,.,TF ChIP-seq,EFO:0002791,HeLa-S3,cell_line,adult,E2F1,encode,single,False,1.106582522392273
1282,EFO:0002791 TF ChIP-seq E2F4,.,TF ChIP-seq,EFO:0002791,HeLa-S3,cell_line,adult,E2F4,encode,single,False,1.1643184423446655
1283,EFO:0002791 TF ChIP-seq ELK1,.,TF ChIP-seq,EFO:0002791,HeLa-S3,cell_line,adult,ELK1,encode,single,False,1.0448529720306396
1284,EFO:0002791 TF ChIP-seq ELK4,.,TF ChIP-seq,EFO:0002791,HeLa-S3,cell_line,adult,ELK4,encode,single,False,1.0486832857131958
1285,EFO:0002791 TF ChIP-seq EP300,.,TF ChIP-seq,EFO:0002791,HeLa-S3,cell_line,adult,EP300,encode,single,False,0.7627109885215759
1286,EFO:0002791 TF ChIP-seq GABPA,.,TF ChIP-seq,EFO:0002791,HeLa-S3,cell_line,adult,GABPA,encode,single,False,1.1946576833724976
1287,EFO:0002791 TF ChIP-seq GTF2F1,.,TF ChIP-seq,EFO:0002791,HeLa-S3,cell_line,adult,GTF2F1,encode,single,False,1.0831323862075806
1288,EFO:0002791 TF ChIP-seq HCFC1,.,TF ChIP-seq,EFO:0002791,HeLa-S3,cell_line,adult,HCFC1,encode,single,False,0.9613363742828369
1289,EFO:0002791 TF ChIP-seq JUN,.,TF ChIP-seq,EFO:0002791,HeLa-S3,cell_line,adult,JUN,encode,single,False,1.0540261268615723
1290,EFO:0002791 TF ChIP-seq JUND,.,TF ChIP-seq,EFO:0002791,HeLa-S3,cell_line,adult,JUND,encode,single,False,1.106735348701477
1291,EFO:0002791 TF ChIP-seq MAFF,.,TF ChIP-seq,EFO:0002791,HeLa-S3,cell_line,adult,MAFF,encode,single,False,0.9096593260765076
1292,EFO:0002791 TF ChIP-seq MAFK,.,TF ChIP-seq,EFO:0002791,HeLa-S3,cell_line,adult,MAFK,encode,single,False,0.9504102468490601
1293,EFO:0002791 TF ChIP-seq MAX,.,TF ChIP-seq,EFO:0002791,HeLa-S3,cell_line,adult,MAX,encode,single,False,1.0167754888534546
1294,EFO:0002791 TF ChIP-seq MAZ,.,TF ChIP-seq,EFO:0002791,HeLa-S3,cell_line,adult,MAZ,encode,single,False,1.0946065187454224
1295,EFO:0002791 TF ChIP-seq MXI1,.,TF ChIP-seq,EFO:0002791,HeLa-S3,cell_line,adult,MXI1,encode,single,False,1.1129454374313354
1296,EFO:0002791 TF ChIP-seq NFE2L2,.,TF ChIP-seq,EFO:0002791,HeLa-S3,cell_line,adult,NFE2L2,encode,single,False,0.9645558595657349
1297,EFO:0002791 TF ChIP-seq NFYA,.,TF ChIP-seq,EFO:0002791,HeLa-S3,cell_line,adult,NFYA,encode,single,False,1.1656769514083862
1298,EFO:0002791 TF ChIP-seq NFYB,.,TF ChIP-seq,EFO:0002791,HeLa-S3,cell_line,adult,NFYB,encode,single,False,1.1003735065460205
1299,EFO:0002791 TF ChIP-seq NR2C2,.,TF ChIP-seq,EFO:0002791,HeLa-S3,cell_line,adult,NR2C2,encode,single,False,1.1807140111923218
1300,EFO:0002791 TF ChIP-seq POLR2A,.,TF ChIP-seq,EFO:0002791,HeLa-S3,cell_line,adult,POLR2A,encode,single,False,1.2115081548690796
1301,EFO:0002791 TF ChIP-seq POLR2AphosphoS2,.,TF ChIP-seq,EFO:0002791,HeLa-S3,cell_line,adult,POLR2AphosphoS2,encode,single,False,1.3249441385269165
1302,EFO:0002791 TF ChIP-seq POLR3A,.,TF ChIP-seq,EFO:0002791,HeLa-S3,cell_line,adult,POLR3A,encode,single,False,1.0765990018844604
1303,EFO:0002791 TF ChIP-seq PRDM1,.,TF ChIP-seq,EFO:0002791,HeLa-S3,cell_line,adult,PRDM1,encode,single,False,1.0881224870681763
1304,EFO:0002791 TF ChIP-seq RAD21,.,TF ChIP-seq,EFO:0002791,HeLa-S3,cell_line,adult,RAD21,encode,single,False,1.2690222263336182
1305,EFO:0002791 TF ChIP-seq REST,.,TF ChIP-seq,EFO:0002791,HeLa-S3,cell_line,adult,REST,encode,single,False,1.284610629081726
1306,EFO:0002791 TF ChIP-seq RFX5,.,TF ChIP-seq,EFO:0002791,HeLa-S3,cell_line,adult,RFX5,encode,single,False,0.9827273488044739
1307,EFO:0002791 TF ChIP-seq SMARCB1,.,TF ChIP-seq,EFO:0002791,HeLa-S3,cell_line,adult,SMARCB1,encode,single,False,1.3108223676681519
1308,EFO:0002791 TF ChIP-seq SMARCC1,.,TF ChIP-seq,EFO:0002791,HeLa-S3,cell_line,adult,SMARCC1,encode,single,False,0.9797285795211792
1309,EFO:0002791 TF ChIP-seq SMC3,.,TF ChIP-seq,EFO:0002791,HeLa-S3,cell_line,adult,SMC3,encode,single,False,0.8709062933921814
1310,EFO:0002791 TF ChIP-seq STAT3,.,TF ChIP-seq,EFO:0002791,HeLa-S3,cell_line,adult,STAT3,encode,single,False,1.042009711265564
1311,EFO:0002791 TF ChIP-seq SUPT20H,.,TF ChIP-seq,EFO:0002791,HeLa-S3,cell_line,adult,SUPT20H,encode,single,False,1.1725451946258545
1312,EFO:0002791 TF ChIP-seq TAF1,.,TF ChIP-seq,EFO:0002791,HeLa-S3,cell_line,adult,TAF1,encode,single,False,1.2314451932907104
1313,EFO:0002791 TF ChIP-seq TBP,.,TF ChIP-seq,EFO:0002791,HeLa-S3,cell_line,adult,TBP,encode,single,False,1.1317002773284912
1314,EFO:0002791 TF ChIP-seq TCF7L2,.,TF ChIP-seq,EFO:0002791,HeLa-S3,cell_line,adult,TCF7L2,encode,single,False,0.7594085931777954
1315,EFO:0002791 TF ChIP-seq USF2,.,TF ChIP-seq,EFO:0002791,HeLa-S3,cell_line,adult,USF2,encode,single,False,1.055086374282837
1316,EFO:0002793 TF ChIP-seq CTCF,.,TF ChIP-seq,EFO:0002793,HL-60,cell_line,adult,CTCF,encode,single,False,2.708632707595825
1317,EFO:0002793 TF ChIP-seq GABPA,.,TF ChIP-seq,EFO:0002793,HL-60,cell_line,adult,GABPA,encode,single,False,0.9271953105926514
1318,EFO:0002793 TF ChIP-seq POLR2AphosphoS5,.,TF ChIP-seq,EFO:0002793,HL-60,cell_line,adult,POLR2AphosphoS5,encode,single,False,0.9963319897651672
1319,EFO:0002793 TF ChIP-seq SPI1,.,TF ChIP-seq,EFO:0002793,HL-60,cell_line,adult,SPI1,encode,single,False,1.103271484375
1320,EFO:0002798 TF ChIP-seq CTCF,.,TF ChIP-seq,EFO:0002798,NB4,cell_line,adult,CTCF,encode,single,False,1.6413131952285767
1321,EFO:0002798 TF ChIP-seq MAX,.,TF ChIP-seq,EFO:0002798,NB4,cell_line,adult,MAX,encode,single,False,0.9357728362083435
1322,EFO:0002798 TF ChIP-seq MYC,.,TF ChIP-seq,EFO:0002798,NB4,cell_line,adult,MYC,encode,single,False,1.040799856185913
1323,EFO:0002798 TF ChIP-seq POLR2A,.,TF ChIP-seq,EFO:0002798,NB4,cell_line,adult,POLR2A,encode,single,False,3.8026444911956787
1324,EFO:0002819 TF ChIP-seq CTCF,.,TF ChIP-seq,EFO:0002819,Calu3,cell_line,adult,CTCF,encode,single,False,1.0283527374267578
1325,EFO:0002824 TF ChIP-seq CBX3,.,TF ChIP-seq,EFO:0002824,HCT116,cell_line,adult,CBX3,encode,single,False,0.8107402324676514
1326,EFO:0002824 TF ChIP-seq CEBPB,.,TF ChIP-seq,EFO:0002824,HCT116,cell_line,adult,CEBPB,encode,single,False,0.8486549258232117
1327,EFO:0002824 TF ChIP-seq CTCF,.,TF ChIP-seq,EFO:0002824,HCT116,cell_line,adult,CTCF,encode,single,False,0.7808284759521484
1328,"EFO:0002824 TF ChIP-seq CTCF genetically modified (insertion) using CRISPR inserting O. sativa LOC4335696, genetically modified (insertion) using CRISPR targeting H. sapiens BRD4",.,TF ChIP-seq,EFO:0002824,HCT116,cell_line,unknown,CTCF,encode,single,True,0.905817449092865
1329,"EFO:0002824 TF ChIP-seq CTCF genetically modified (insertion) using CRISPR inserting O. sativa LOC4335696, genetically modified (insertion) using CRISPR targeting H. sapiens CDK7",.,TF ChIP-seq,EFO:0002824,HCT116,cell_line,unknown,CTCF,encode,single,True,0.8943561911582947
1330,"EFO:0002824 TF ChIP-seq CTCF genetically modified (insertion) using CRISPR inserting O. sativa LOC4335696, genetically modified (insertion) using CRISPR targeting H. sapiens CTCF",.,TF ChIP-seq,EFO:0002824,HCT116,cell_line,unknown,CTCF,encode,single,True,0.8630810379981995
1331,"EFO:0002824 TF ChIP-seq CTCF genetically modified (insertion) using CRISPR inserting O. sativa LOC4335696, genetically modified (insertion) using CRISPR targeting H. sapiens MED14",.,TF ChIP-seq,EFO:0002824,HCT116,cell_line,unknown,CTCF,encode,single,True,0.8493778109550476
1332,"EFO:0002824 TF ChIP-seq CTCF genetically modified (insertion) using CRISPR inserting O. sativa LOC4335696, genetically modified (insertion) using CRISPR targeting H. sapiens POLR2A",.,TF ChIP-seq,EFO:0002824,HCT116,cell_line,unknown,CTCF,encode,single,True,0.9976716637611389
1333,"EFO:0002824 TF ChIP-seq CTCF genetically modified (insertion) using CRISPR inserting O. sativa LOC4335696, genetically modified (insertion) using CRISPR targeting H. sapiens RAD21",.,TF ChIP-seq,EFO:0002824,HCT116,cell_line,unknown,CTCF,encode,single,True,0.8882262706756592
1334,"EFO:0002824 TF ChIP-seq CTCF genetically modified (insertion) using CRISPR inserting O. sativa LOC4335696, genetically modified (insertion) using CRISPR targeting H. sapiens SMARCA5",.,TF ChIP-seq,EFO:0002824,HCT116,cell_line,unknown,CTCF,encode,single,True,0.9290798306465149
1335,"EFO:0002824 TF ChIP-seq CTCF genetically modified (insertion) using CRISPR inserting O. sativa LOC4335696, genetically modified (insertion) using CRISPR targeting H. sapiens SUPT16H",.,TF ChIP-seq,EFO:0002824,HCT116,cell_line,unknown,CTCF,encode,single,True,0.8583889603614807
1336,EFO:0002824 TF ChIP-seq EGR1,.,TF ChIP-seq,EFO:0002824,HCT116,cell_line,adult,EGR1,encode,single,False,0.905482828617096
1337,EFO:0002824 TF ChIP-seq ELF1,.,TF ChIP-seq,EFO:0002824,HCT116,cell_line,adult,ELF1,encode,single,False,0.7631033658981323
1338,EFO:0002824 TF ChIP-seq FOSL1,.,TF ChIP-seq,EFO:0002824,HCT116,cell_line,adult,FOSL1,encode,single,False,0.8530905246734619
1339,EFO:0002824 TF ChIP-seq JUND,.,TF ChIP-seq,EFO:0002824,HCT116,cell_line,adult,JUND,encode,single,False,0.8062629699707031
1340,EFO:0002824 TF ChIP-seq MAX,.,TF ChIP-seq,EFO:0002824,HCT116,cell_line,adult,MAX,encode,single,False,0.7656803131103516
1341,EFO:0002824 TF ChIP-seq POLR2AphosphoS5,.,TF ChIP-seq,EFO:0002824,HCT116,cell_line,adult,POLR2AphosphoS5,encode,single,False,1.198488473892212
1342,EFO:0002824 TF ChIP-seq RAD21,.,TF ChIP-seq,EFO:0002824,HCT116,cell_line,adult,RAD21,encode,single,False,0.8312313556671143
1343,EFO:0002824 TF ChIP-seq REST,.,TF ChIP-seq,EFO:0002824,HCT116,cell_line,adult,REST,encode,single,False,1.0221929550170898
1344,EFO:0002824 TF ChIP-seq SIN3A,.,TF ChIP-seq,EFO:0002824,HCT116,cell_line,adult,SIN3A,encode,single,False,0.8258180022239685
1345,EFO:0002824 TF ChIP-seq SP1,.,TF ChIP-seq,EFO:0002824,HCT116,cell_line,adult,SP1,encode,single,False,0.7625074982643127
1346,EFO:0002824 TF ChIP-seq SRF,.,TF ChIP-seq,EFO:0002824,HCT116,cell_line,adult,SRF,encode,single,False,0.8278483152389526
1347,EFO:0002824 TF ChIP-seq TEAD4,.,TF ChIP-seq,EFO:0002824,HCT116,cell_line,adult,TEAD4,encode,single,False,1.1584789752960205
1348,EFO:0002824 TF ChIP-seq USF1,.,TF ChIP-seq,EFO:0002824,HCT116,cell_line,adult,USF1,encode,single,False,0.9145222902297974
1349,EFO:0002824 TF ChIP-seq ZFX,.,TF ChIP-seq,EFO:0002824,HCT116,cell_line,adult,ZFX,encode,paired,False,0.7386897802352905
1350,EFO:0002847 TF ChIP-seq CTCF,.,TF ChIP-seq,EFO:0002847,PC-9,cell_line,unknown,CTCF,encode,single,False,0.8348439931869507
1351,EFO:0002860 TF ChIP-seq POLR2AphosphoS5,.,TF ChIP-seq,EFO:0002860,SK-N-MC,cell_line,child,POLR2AphosphoS5,encode,single,False,0.8760678172111511
1352,EFO:0003042 TF ChIP-seq ASH2L,.,TF ChIP-seq,EFO:0003042,H1,cell_line,embryonic,ASH2L,encode,single,False,0.842970609664917
1353,EFO:0003042 TF ChIP-seq ATF2,.,TF ChIP-seq,EFO:0003042,H1,cell_line,embryonic,ATF2,encode,single,False,0.8639265298843384
1354,EFO:0003042 TF ChIP-seq ATF3,.,TF ChIP-seq,EFO:0003042,H1,cell_line,embryonic,ATF3,encode,single,False,1.17824387550354
1355,EFO:0003042 TF ChIP-seq BACH1,.,TF ChIP-seq,EFO:0003042,H1,cell_line,embryonic,BACH1,encode,single,False,0.9036207795143127
1356,EFO:0003042 TF ChIP-seq CEBPB,.,TF ChIP-seq,EFO:0003042,H1,cell_line,embryonic,CEBPB,encode,single,False,0.9610663056373596
1357,EFO:0003042 TF ChIP-seq CHD2,.,TF ChIP-seq,EFO:0003042,H1,cell_line,embryonic,CHD2,encode,single,False,0.8938555717468262
1358,EFO:0003042 TF ChIP-seq CREB1,.,TF ChIP-seq,EFO:0003042,H1,cell_line,embryonic,CREB1,encode,single,False,0.9638521671295166
1359,EFO:0003042 TF ChIP-seq CTBP2,.,TF ChIP-seq,EFO:0003042,H1,cell_line,embryonic,CTBP2,encode,single,False,1.2248488664627075
1360,EFO:0003042 TF ChIP-seq CTCF,.,TF ChIP-seq,EFO:0003042,H1,cell_line,embryonic,CTCF,encode,single,False,0.8322102427482605
1361,EFO:0003042 TF ChIP-seq E2F6,.,TF ChIP-seq,EFO:0003042,H1,cell_line,embryonic,E2F6,encode,single,False,1.0027190446853638
1362,EFO:0003042 TF ChIP-seq EGR1,.,TF ChIP-seq,EFO:0003042,H1,cell_line,embryonic,EGR1,encode,single,False,0.9330720901489258
1363,EFO:0003042 TF ChIP-seq EP300,.,TF ChIP-seq,EFO:0003042,H1,cell_line,embryonic,EP300,encode,single,False,1.056801676750183
1364,EFO:0003042 TF ChIP-seq GABPA,.,TF ChIP-seq,EFO:0003042,H1,cell_line,embryonic,GABPA,encode,single,False,0.9392080307006836
1365,EFO:0003042 TF ChIP-seq HDAC2,.,TF ChIP-seq,EFO:0003042,H1,cell_line,embryonic,HDAC2,encode,single,False,1.0041277408599854
1366,EFO:0003042 TF ChIP-seq JUND,.,TF ChIP-seq,EFO:0003042,H1,cell_line,embryonic,JUND,encode,single,False,0.9091247320175171
1367,EFO:0003042 TF ChIP-seq KDM1A,.,TF ChIP-seq,EFO:0003042,H1,cell_line,embryonic,KDM1A,encode,single,False,0.8637781143188477
1368,EFO:0003042 TF ChIP-seq MAFK,.,TF ChIP-seq,EFO:0003042,H1,cell_line,embryonic,MAFK,encode,single,False,0.9398737549781799
1369,EFO:0003042 TF ChIP-seq MAX,.,TF ChIP-seq,EFO:0003042,H1,cell_line,embryonic,MAX,encode,single,False,1.0176339149475098
1370,EFO:0003042 TF ChIP-seq MYC,.,TF ChIP-seq,EFO:0003042,H1,cell_line,embryonic,MYC,encode,single,False,1.4887027740478516
1371,EFO:0003042 TF ChIP-seq NRF1,.,TF ChIP-seq,EFO:0003042,H1,cell_line,embryonic,NRF1,encode,single,False,0.9525008797645569
1372,EFO:0003042 TF ChIP-seq PHF8,.,TF ChIP-seq,EFO:0003042,H1,cell_line,embryonic,PHF8,encode,single,False,1.0374927520751953
1373,EFO:0003042 TF ChIP-seq POLR2A,.,TF ChIP-seq,EFO:0003042,H1,cell_line,embryonic,POLR2A,encode,single,False,1.0551276206970215
1374,EFO:0003042 TF ChIP-seq POLR2AphosphoS5,.,TF ChIP-seq,EFO:0003042,H1,cell_line,embryonic,POLR2AphosphoS5,encode,single,False,1.5645101070404053
1375,EFO:0003042 TF ChIP-seq RAD21,.,TF ChIP-seq,EFO:0003042,H1,cell_line,embryonic,RAD21,encode,single,False,0.7573587894439697
1376,EFO:0003042 TF ChIP-seq RBBP5,.,TF ChIP-seq,EFO:0003042,H1,cell_line,embryonic,RBBP5,encode,single,False,1.4658613204956055
1377,EFO:0003042 TF ChIP-seq REST,.,TF ChIP-seq,EFO:0003042,H1,cell_line,embryonic,REST,encode,single,False,0.7633985280990601
1378,EFO:0003042 TF ChIP-seq SIN3A,.,TF ChIP-seq,EFO:0003042,H1,cell_line,embryonic,SIN3A,encode,single,False,0.782710075378418
1379,EFO:0003042 TF ChIP-seq SIX5,.,TF ChIP-seq,EFO:0003042,H1,cell_line,embryonic,SIX5,encode,single,False,1.1115151643753052
1380,EFO:0003042 TF ChIP-seq SP1,.,TF ChIP-seq,EFO:0003042,H1,cell_line,embryonic,SP1,encode,single,False,1.0101011991500854
1381,EFO:0003042 TF ChIP-seq SP4,.,TF ChIP-seq,EFO:0003042,H1,cell_line,embryonic,SP4,encode,single,False,0.9072044491767883
1382,EFO:0003042 TF ChIP-seq SRF,.,TF ChIP-seq,EFO:0003042,H1,cell_line,embryonic,SRF,encode,single,False,1.0989999771118164
1383,EFO:0003042 TF ChIP-seq SUZ12,.,TF ChIP-seq,EFO:0003042,H1,cell_line,embryonic,SUZ12,encode,single,False,0.8124634027481079
1384,EFO:0003042 TF ChIP-seq TAF1,.,TF ChIP-seq,EFO:0003042,H1,cell_line,embryonic,TAF1,encode,single,False,1.2888585329055786
1385,EFO:0003042 TF ChIP-seq TBP,.,TF ChIP-seq,EFO:0003042,H1,cell_line,embryonic,TBP,encode,single,False,0.9174953699111938
1386,EFO:0003042 TF ChIP-seq TCF12,.,TF ChIP-seq,EFO:0003042,H1,cell_line,embryonic,TCF12,encode,single,False,1.3108755350112915
1387,EFO:0003042 TF ChIP-seq TEAD4,.,TF ChIP-seq,EFO:0003042,H1,cell_line,embryonic,TEAD4,encode,single,False,1.1544599533081055
1388,EFO:0003042 TF ChIP-seq USF1,.,TF ChIP-seq,EFO:0003042,H1,cell_line,embryonic,USF1,encode,single,False,1.1435457468032837
1389,EFO:0003042 TF ChIP-seq USF2,.,TF ChIP-seq,EFO:0003042,H1,cell_line,embryonic,USF2,encode,single,False,0.8698755502700806
1390,EFO:0003042 TF ChIP-seq YY1,.,TF ChIP-seq,EFO:0003042,H1,cell_line,embryonic,YY1,encode,single,False,0.9756035804748535
1391,EFO:0003045 TF ChIP-seq CTCF,.,TF ChIP-seq,EFO:0003045,H9,cell_line,embryonic,CTCF,encode,single,False,0.7956581115722656
1392,EFO:0003072 TF ChIP-seq CHD2,.,TF ChIP-seq,EFO:0003072,SK-N-SH,cell_line,child,CHD2,encode,single,False,0.9742451906204224
1393,EFO:0003072 TF ChIP-seq CTCF,.,TF ChIP-seq,EFO:0003072,SK-N-SH,cell_line,child,CTCF,encode,paired,False,0.8456477522850037
1394,EFO:0003072 TF ChIP-seq ELF1,.,TF ChIP-seq,EFO:0003072,SK-N-SH,cell_line,child,ELF1,encode,single,False,0.8833105564117432
1395,EFO:0003072 TF ChIP-seq EP300,.,TF ChIP-seq,EFO:0003072,SK-N-SH,cell_line,child,EP300,encode,single,False,0.7020170092582703
1396,EFO:0003072 TF ChIP-seq FOSL2,.,TF ChIP-seq,EFO:0003072,SK-N-SH,cell_line,child,FOSL2,encode,single,False,1.0089168548583984
1397,EFO:0003072 TF ChIP-seq FOXJ3 genetically modified (insertion) using CRISPR targeting H. sapiens FOXJ3,.,TF ChIP-seq,EFO:0003072,SK-N-SH,cell_line,child,FOXJ3,encode,single,True,0.8119322061538696
1398,EFO:0003072 TF ChIP-seq FOXM1,.,TF ChIP-seq,EFO:0003072,SK-N-SH,cell_line,child,FOXM1,encode,single,False,0.9656786322593689
1399,EFO:0003072 TF ChIP-seq GABPA,.,TF ChIP-seq,EFO:0003072,SK-N-SH,cell_line,child,GABPA,encode,single,False,0.8896772861480713
1400,EFO:0003072 TF ChIP-seq GATA2 genetically modified (insertion) using CRISPR targeting H. sapiens GATA2,.,TF ChIP-seq,EFO:0003072,SK-N-SH,cell_line,child,GATA2,encode,single,True,0.8109840750694275
1401,EFO:0003072 TF ChIP-seq GATA3,.,TF ChIP-seq,EFO:0003072,SK-N-SH,cell_line,child,GATA3,encode,single,False,0.7777391076087952
1402,EFO:0003072 TF ChIP-seq JUND,.,TF ChIP-seq,EFO:0003072,SK-N-SH,cell_line,child,JUND,encode,single,False,0.7924953103065491
1403,EFO:0003072 TF ChIP-seq MAX,.,TF ChIP-seq,EFO:0003072,SK-N-SH,cell_line,child,MAX,encode,single,False,1.0120495557785034
1404,EFO:0003072 TF ChIP-seq MEF2A,.,TF ChIP-seq,EFO:0003072,SK-N-SH,cell_line,child,MEF2A,encode,single,False,1.1111558675765991
1405,EFO:0003072 TF ChIP-seq MXI1,.,TF ChIP-seq,EFO:0003072,SK-N-SH,cell_line,child,MXI1,encode,single,False,0.8734278678894043
1406,EFO:0003072 TF ChIP-seq NFIC,.,TF ChIP-seq,EFO:0003072,SK-N-SH,cell_line,child,NFIC,encode,single,False,0.8446437120437622
1407,EFO:0003072 TF ChIP-seq NRF1,.,TF ChIP-seq,EFO:0003072,SK-N-SH,cell_line,child,NRF1,encode,single,False,1.1233887672424316
1408,EFO:0003072 TF ChIP-seq PBX3,.,TF ChIP-seq,EFO:0003072,SK-N-SH,cell_line,child,PBX3,encode,single,False,0.8124933838844299
1409,EFO:0003072 TF ChIP-seq POLR2AphosphoS5,.,TF ChIP-seq,EFO:0003072,SK-N-SH,cell_line,child,POLR2AphosphoS5,encode,single,False,1.1615805625915527
1410,EFO:0003072 TF ChIP-seq RAD21,.,TF ChIP-seq,EFO:0003072,SK-N-SH,cell_line,child,RAD21,encode,single,False,0.8885948061943054
1411,EFO:0003072 TF ChIP-seq RCOR1,.,TF ChIP-seq,EFO:0003072,SK-N-SH,cell_line,child,RCOR1,encode,single,False,0.9580050706863403
1412,EFO:0003072 TF ChIP-seq REST,.,TF ChIP-seq,EFO:0003072,SK-N-SH,cell_line,child,REST,encode,single,False,1.3145135641098022
1413,EFO:0003072 TF ChIP-seq RFX5,.,TF ChIP-seq,EFO:0003072,SK-N-SH,cell_line,child,RFX5,encode,single,False,0.852078914642334
1414,EFO:0003072 TF ChIP-seq RXRA,.,TF ChIP-seq,EFO:0003072,SK-N-SH,cell_line,child,RXRA,encode,single,False,0.9884690046310425
1415,EFO:0003072 TF ChIP-seq SIN3A,.,TF ChIP-seq,EFO:0003072,SK-N-SH,cell_line,child,SIN3A,encode,single,False,1.1826077699661255
1416,EFO:0003072 TF ChIP-seq SMC3,.,TF ChIP-seq,EFO:0003072,SK-N-SH,cell_line,child,SMC3,encode,single,False,0.9515026807785034
1417,EFO:0003072 TF ChIP-seq TAF1,.,TF ChIP-seq,EFO:0003072,SK-N-SH,cell_line,child,TAF1,encode,single,False,1.1323809623718262
1418,EFO:0003072 TF ChIP-seq TCF12,.,TF ChIP-seq,EFO:0003072,SK-N-SH,cell_line,child,TCF12,encode,single,False,0.7502463459968567
1419,EFO:0003072 TF ChIP-seq TEAD4,.,TF ChIP-seq,EFO:0003072,SK-N-SH,cell_line,child,TEAD4,encode,single,False,0.9364314079284668
1420,EFO:0003072 TF ChIP-seq USF1,.,TF ChIP-seq,EFO:0003072,SK-N-SH,cell_line,child,USF1,encode,single,False,0.9616994261741638
1421,EFO:0003072 TF ChIP-seq YY1,.,TF ChIP-seq,EFO:0003072,SK-N-SH,cell_line,child,YY1,encode,single,False,1.0405064821243286
1422,EFO:0003072 TF ChIP-seq ZBTB33,.,TF ChIP-seq,EFO:0003072,SK-N-SH,cell_line,child,ZBTB33,encode,single,False,1.0246238708496094
1423,EFO:0005234 TF ChIP-seq POLR2AphosphoS5,.,TF ChIP-seq,EFO:0005234,PFSK-1,cell_line,child,POLR2AphosphoS5,encode,single,False,0.9849108457565308
1424,EFO:0005234 TF ChIP-seq REST,.,TF ChIP-seq,EFO:0005234,PFSK-1,cell_line,child,REST,encode,single,False,1.0792768001556396
1425,EFO:0005234 TF ChIP-seq SIN3A,.,TF ChIP-seq,EFO:0005234,PFSK-1,cell_line,child,SIN3A,encode,single,False,1.0426013469696045
1426,EFO:0005234 TF ChIP-seq TAF1,.,TF ChIP-seq,EFO:0005234,PFSK-1,cell_line,child,TAF1,encode,single,False,0.8975558280944824
1427,EFO:0005236 TF ChIP-seq YY1,.,TF ChIP-seq,EFO:0005236,NT2/D1,cell_line,unknown,YY1,encode,single,False,1.9750792980194092
1428,EFO:0005336 TF ChIP-seq POLR2A,.,TF ChIP-seq,EFO:0005336,GM10847,cell_line,unknown,POLR2A,encode,single,False,4.3972907066345215
1429,EFO:0005337 TF ChIP-seq CTCF,.,TF ChIP-seq,EFO:0005337,GM12864,cell_line,unknown,CTCF,encode,single,False,1.3613603115081787
1430,EFO:0005347 TF ChIP-seq POLR2A,.,TF ChIP-seq,EFO:0005347,GM15510,cell_line,unknown,POLR2A,encode,single,False,3.4360148906707764
1431,EFO:0005348 TF ChIP-seq POLR2A,.,TF ChIP-seq,EFO:0005348,GM18526,cell_line,unknown,POLR2A,encode,single,False,2.576261043548584
1432,EFO:0005349 TF ChIP-seq POLR2A,.,TF ChIP-seq,EFO:0005349,GM18951,cell_line,unknown,POLR2A,encode,single,False,1.881851315498352
1433,EFO:0005350 TF ChIP-seq POLR2A,.,TF ChIP-seq,EFO:0005350,GM19099,cell_line,unknown,POLR2A,encode,single,False,1.551389217376709
1434,EFO:0005351 TF ChIP-seq POLR2A,.,TF ChIP-seq,EFO:0005351,GM19193,cell_line,unknown,POLR2A,encode,single,False,1.7100838422775269
1435,EFO:0005694 TF ChIP-seq CTCF,.,TF ChIP-seq,EFO:0005694,KMS-11,cell_line,adult,CTCF,encode,single,False,0.8624968528747559
1436,EFO:0005715 TF ChIP-seq CTCF,.,TF ChIP-seq,EFO:0005715,WERI-Rb-1,cell_line,child,CTCF,encode,single,False,1.5935550928115845
1437,EFO:0005718 TF ChIP-seq CEBPB,.,TF ChIP-seq,EFO:0005718,Ishikawa,cell_line,adult,CEBPB,encode,single,False,0.9511106014251709
1438,EFO:0005718 TF ChIP-seq CREB1,.,TF ChIP-seq,EFO:0005718,Ishikawa,cell_line,adult,CREB1,encode,single,False,0.9814600348472595
1439,EFO:0005718 TF ChIP-seq EGR1,.,TF ChIP-seq,EFO:0005718,Ishikawa,cell_line,adult,EGR1,encode,single,False,0.9563577175140381
1440,EFO:0005718 TF ChIP-seq EP300,.,TF ChIP-seq,EFO:0005718,Ishikawa,cell_line,adult,EP300,encode,single,False,0.8913092613220215
1441,EFO:0005718 TF ChIP-seq FOXM1,.,TF ChIP-seq,EFO:0005718,Ishikawa,cell_line,adult,FOXM1,encode,single,False,0.9450280666351318
1442,EFO:0005718 TF ChIP-seq MAX,.,TF ChIP-seq,EFO:0005718,Ishikawa,cell_line,adult,MAX,encode,single,False,0.8833977580070496
1443,EFO:0005718 TF ChIP-seq NFIC,.,TF ChIP-seq,EFO:0005718,Ishikawa,cell_line,adult,NFIC,encode,single,False,0.7946962714195251
1444,EFO:0005718 TF ChIP-seq RAD21,.,TF ChIP-seq,EFO:0005718,Ishikawa,cell_line,adult,RAD21,encode,single,False,0.9390239119529724
1445,EFO:0005718 TF ChIP-seq REST,.,TF ChIP-seq,EFO:0005718,Ishikawa,cell_line,adult,REST,encode,single,False,0.9868256449699402
1446,EFO:0005718 TF ChIP-seq SRF,.,TF ChIP-seq,EFO:0005718,Ishikawa,cell_line,adult,SRF,encode,single,False,0.9551768898963928
1447,EFO:0005718 TF ChIP-seq TAF1,.,TF ChIP-seq,EFO:0005718,Ishikawa,cell_line,adult,TAF1,encode,single,False,1.0146148204803467
1448,EFO:0005718 TF ChIP-seq TCF12,.,TF ChIP-seq,EFO:0005718,Ishikawa,cell_line,adult,TCF12,encode,single,False,0.8969955444335938
1449,EFO:0005718 TF ChIP-seq TEAD4,.,TF ChIP-seq,EFO:0005718,Ishikawa,cell_line,adult,TEAD4,encode,single,False,0.8910366296768188
1450,EFO:0005718 TF ChIP-seq USF1,.,TF ChIP-seq,EFO:0005718,Ishikawa,cell_line,adult,USF1,encode,single,False,0.904041588306427
1451,EFO:0005718 TF ChIP-seq YY1,.,TF ChIP-seq,EFO:0005718,Ishikawa,cell_line,adult,YY1,encode,single,False,1.0843054056167603
1452,EFO:0005718 TF ChIP-seq ZBTB7A,.,TF ChIP-seq,EFO:0005718,Ishikawa,cell_line,adult,ZBTB7A,encode,single,False,1.0766043663024902
1453,EFO:0005723 TF ChIP-seq EZH2phosphoT487,.,TF ChIP-seq,EFO:0005723,GM23248,cell_line,adult,EZH2phosphoT487,encode,single,False,1.0935393571853638
1454,EFO:0005724 TF ChIP-seq CTCF,.,TF ChIP-seq,EFO:0005724,MM.1S,cell_line,adult,CTCF,encode,single,False,0.7796716690063477
1455,EFO:0005725 TF ChIP-seq CTCF,.,TF ChIP-seq,EFO:0005725,BE2C,cell_line,child,CTCF,encode,single,False,0.9925174117088318
1456,EFO:0005726 TF ChIP-seq CTCF,.,TF ChIP-seq,EFO:0005726,LNCaP clone FGC,cell_line,adult,CTCF,encode,single,False,2.639800548553467
1457,EFO:0005907 TF ChIP-seq CTCF,.,TF ChIP-seq,EFO:0005907,OCI-LY1,cell_line,adult,CTCF,encode,single,False,0.7953213453292847
1458,EFO:0005907 TF ChIP-seq EZH2,.,TF ChIP-seq,EFO:0005907,OCI-LY1,cell_line,adult,EZH2,encode,single,False,0.8077881932258606
1459,EFO:0006270 TF ChIP-seq CTCF,.,TF ChIP-seq,EFO:0006270,AG04450,cell_line,embryonic,CTCF,encode,single,False,1.0772258043289185
1460,EFO:0006365 TF ChIP-seq CTCF,.,TF ChIP-seq,EFO:0006365,C4-2B,cell_line,adult,CTCF,encode,paired,False,0.7243074178695679
1461,EFO:0006365 TF ChIP-seq ZFX,.,TF ChIP-seq,EFO:0006365,C4-2B,cell_line,adult,ZFX,encode,paired,False,0.6865183115005493
1462,EFO:0006710 TF ChIP-seq CTCF,.,TF ChIP-seq,EFO:0006710,OCI-LY3,cell_line,adult,CTCF,encode,single,False,0.8906863927841187
1463,EFO:0006711 TF ChIP-seq CTCF,.,TF ChIP-seq,EFO:0006711,OCI-LY7,cell_line,adult,CTCF,encode,single,False,0.8017582297325134
1464,EFO:0007074 TF ChIP-seq CTCF,.,TF ChIP-seq,EFO:0007074,DND-41,cell_line,child,CTCF,encode,single,False,1.4056947231292725
1465,EFO:0007112 TF ChIP-seq CTCF,.,TF ChIP-seq,EFO:0007112,Loucy,cell_line,adult,CTCF,encode,single,False,0.8298217058181763
1466,EFO:0007610 TF ChIP-seq CTCF,.,TF ChIP-seq,EFO:0007610,RWPE2,cell_line,adult,CTCF,encode,paired,False,0.7856764197349548
1467,EFO:0007752 TF ChIP-seq CTCF,.,TF ChIP-seq,EFO:0007752,VCaP,cell_line,adult,CTCF,encode,paired,False,0.8078799247741699
1468,EFO:0007950 TF ChIP-seq CREB1 genetically modified (insertion) using CRISPR targeting H. sapiens CREB1,.,TF ChIP-seq,EFO:0007950,GM23338,cell_line,adult,CREB1,encode,paired,True,0.8036388158798218
1469,EFO:0007950 TF ChIP-seq CTCF,.,TF ChIP-seq,EFO:0007950,GM23338,cell_line,adult,CTCF,encode,paired,False,0.8083171844482422
1470,EFO:0007950 TF ChIP-seq ETS1,.,TF ChIP-seq,EFO:0007950,GM23338,cell_line,adult,ETS1,encode,single,False,0.9707803130149841
1471,EFO:0007950 TF ChIP-seq EZH2,.,TF ChIP-seq,EFO:0007950,GM23338,cell_line,adult,EZH2,encode,paired,False,1.146084189414978
1472,EFO:0007950 TF ChIP-seq EZH2phosphoT487,.,TF ChIP-seq,EFO:0007950,GM23338,cell_line,adult,EZH2phosphoT487,encode,paired,False,0.8361223936080933
1473,EFO:0007950 TF ChIP-seq NANOG,.,TF ChIP-seq,EFO:0007950,GM23338,cell_line,adult,NANOG,encode,single,False,0.9162593483924866
1474,EFO:0007950 TF ChIP-seq POLR2AphosphoS5,.,TF ChIP-seq,EFO:0007950,GM23338,cell_line,adult,POLR2AphosphoS5,encode,single,False,1.1611675024032593
1475,EFO:0007950 TF ChIP-seq POU5F1,.,TF ChIP-seq,EFO:0007950,GM23338,cell_line,adult,POU5F1,encode,single,False,1.1079763174057007
1476,EFO:0007950 TF ChIP-seq REST,.,TF ChIP-seq,EFO:0007950,GM23338,cell_line,adult,REST,encode,single,False,1.4345543384552002
1477,EFO:0007950 TF ChIP-seq ZNF462 genetically modified (insertion) using CRISPR targeting H. sapiens ZNF462,.,TF ChIP-seq,EFO:0007950,GM23338,cell_line,adult,ZNF462,encode,paired,True,0.8206668496131897
1478,EFO:0009318 TF ChIP-seq CTCF,.,TF ChIP-seq,EFO:0009318,HFFc6,cell_line,newborn,CTCF,encode,single,False,0.8199285864830017
1479,EFO:0009747 TF ChIP-seq ARID4B genetically modified (insertion) using CRISPR targeting H. sapiens ARID4B,.,TF ChIP-seq,EFO:0009747,WTC11,cell_line,adult,ARID4B,encode,single,True,0.8452187180519104
1480,EFO:0009747 TF ChIP-seq CREM genetically modified (insertion) using CRISPR targeting H. sapiens CREM,.,TF ChIP-seq,EFO:0009747,WTC11,cell_line,adult,CREM,encode,single,True,0.8023584485054016
1481,EFO:0009747 TF ChIP-seq CTCF,.,TF ChIP-seq,EFO:0009747,WTC11,cell_line,adult,CTCF,encode,single,False,0.9106705188751221
1482,EFO:0009747 TF ChIP-seq E2F5 genetically modified (insertion) using CRISPR targeting H. sapiens E2F5,.,TF ChIP-seq,EFO:0009747,WTC11,cell_line,adult,E2F5,encode,single,True,0.8668326139450073
1483,"EFO:0009747 TF ChIP-seq EGR1 genetically modified (insertion) using CRISPR targeting H. sapiens EGR1, genetically modified (insertion) using TALEN inserting M. musculus Neurog2",.,TF ChIP-seq,EFO:0009747,WTC11,cell_line,unknown,EGR1,encode,paired,True,0.8311028480529785
1484,EFO:0009747 TF ChIP-seq ETV6 genetically modified (insertion) using CRISPR targeting H. sapiens ETV6,.,TF ChIP-seq,EFO:0009747,WTC11,cell_line,adult,ETV6,encode,single,True,0.8295696377754211
1485,"EFO:0009747 TF ChIP-seq FOS genetically modified (insertion) using CRISPR targeting H. sapiens FOS, genetically modified (insertion) using TALEN inserting M. musculus Neurog2",.,TF ChIP-seq,EFO:0009747,WTC11,cell_line,unknown,FOS,encode,paired,True,0.8117094039916992
1486,EFO:0009747 TF ChIP-seq FOXK1 genetically modified (insertion) using CRISPR targeting H. sapiens FOXK1,.,TF ChIP-seq,EFO:0009747,WTC11,cell_line,adult,FOXK1,encode,single,True,0.9543569684028625
1487,EFO:0009747 TF ChIP-seq FOXP1 genetically modified (insertion) using CRISPR targeting H. sapiens FOXP1,.,TF ChIP-seq,EFO:0009747,WTC11,cell_line,adult,FOXP1,encode,single,True,0.8792567849159241
1488,EFO:0009747 TF ChIP-seq FOXP4 genetically modified (insertion) using CRISPR targeting H. sapiens FOXP4,.,TF ChIP-seq,EFO:0009747,WTC11,cell_line,adult,FOXP4,encode,single,True,1.0199658870697021
1489,EFO:0009747 TF ChIP-seq GABPB1 genetically modified (insertion) using CRISPR targeting H. sapiens GABPB1,.,TF ChIP-seq,EFO:0009747,WTC11,cell_line,adult,GABPB1,encode,single,True,0.8360226154327393
1490,EFO:0009747 TF ChIP-seq GRHL2 genetically modified (insertion) using CRISPR targeting H. sapiens GRHL2,.,TF ChIP-seq,EFO:0009747,WTC11,cell_line,adult,GRHL2,encode,paired,True,0.8279081583023071
1491,EFO:0009747 TF ChIP-seq HMGA2 genetically modified (insertion) using CRISPR targeting H. sapiens HMGA2,.,TF ChIP-seq,EFO:0009747,WTC11,cell_line,adult,HMGA2,encode,paired,True,0.8182101845741272
1492,EFO:0009747 TF ChIP-seq HMGXB4 genetically modified (insertion) using CRISPR targeting H. sapiens HMGXB4,.,TF ChIP-seq,EFO:0009747,WTC11,cell_line,adult,HMGXB4,encode,single,True,0.8219742774963379
1493,EFO:0009747 TF ChIP-seq MAX genetically modified (insertion) using CRISPR targeting H. sapiens MAX,.,TF ChIP-seq,EFO:0009747,WTC11,cell_line,adult,MAX,encode,single,True,0.7492045760154724
1494,EFO:0009747 TF ChIP-seq MYBL2 genetically modified (insertion) using CRISPR targeting H. sapiens MYBL2,.,TF ChIP-seq,EFO:0009747,WTC11,cell_line,adult,MYBL2,encode,single,True,0.9276326298713684
1495,EFO:0009747 TF ChIP-seq NFE2L1 genetically modified (insertion) using CRISPR targeting H. sapiens NFE2L1,.,TF ChIP-seq,EFO:0009747,WTC11,cell_line,adult,NFE2L1,encode,single,True,0.7811117768287659
1496,EFO:0009747 TF ChIP-seq NFYB genetically modified (insertion) using CRISPR targeting H. sapiens NFYB,.,TF ChIP-seq,EFO:0009747,WTC11,cell_line,adult,NFYB,encode,single,True,0.8625380992889404
1497,EFO:0009747 TF ChIP-seq PRDM15 genetically modified (insertion) using CRISPR targeting H. sapiens PRDM15,.,TF ChIP-seq,EFO:0009747,WTC11,cell_line,adult,PRDM15,encode,single,True,0.8829250931739807
1498,EFO:0009747 TF ChIP-seq SOX15 genetically modified (insertion) using CRISPR targeting H. sapiens SOX15,.,TF ChIP-seq,EFO:0009747,WTC11,cell_line,adult,SOX15,encode,paired,True,0.8144403696060181
1499,EFO:0009747 TF ChIP-seq SP1 genetically modified (insertion) using CRISPR targeting H. sapiens SP1,.,TF ChIP-seq,EFO:0009747,WTC11,cell_line,adult,SP1,encode,single,True,0.8424248099327087
1500,EFO:0009747 TF ChIP-seq TEAD1 genetically modified (insertion) using CRISPR targeting H. sapiens TEAD1,.,TF ChIP-seq,EFO:0009747,WTC11,cell_line,adult,TEAD1,encode,single,True,0.8904772996902466
1501,EFO:0009747 TF ChIP-seq TGIF2 genetically modified (insertion) using CRISPR targeting H. sapiens TGIF2,.,TF ChIP-seq,EFO:0009747,WTC11,cell_line,adult,TGIF2,encode,single,True,0.9260721206665039
1502,"EFO:0009747 TF ChIP-seq TOX4 genetically modified (insertion) using CRISPR targeting H. sapiens TOX4, genetically modified (insertion) using TALEN inserting M. musculus Neurog2",.,TF ChIP-seq,EFO:0009747,WTC11,cell_line,unknown,TOX4,encode,paired,True,0.7982918620109558
1503,EFO:0009747 TF ChIP-seq TP53 genetically modified (insertion) using CRISPR targeting H. sapiens TP53,.,TF ChIP-seq,EFO:0009747,WTC11,cell_line,adult,TP53,encode,single,True,0.9806338548660278
1504,EFO:0009747 TF ChIP-seq USF1 genetically modified (insertion) using CRISPR targeting H. sapiens USF1,.,TF ChIP-seq,EFO:0009747,WTC11,cell_line,adult,USF1,encode,single,True,0.78555828332901
1505,EFO:0009747 TF ChIP-seq USF2 genetically modified (insertion) using CRISPR targeting H. sapiens USF2,.,TF ChIP-seq,EFO:0009747,WTC11,cell_line,adult,USF2,encode,single,True,0.8767126202583313
1506,EFO:0009747 TF ChIP-seq ZBTB43 genetically modified (insertion) using CRISPR targeting H. sapiens ZBTB43,.,TF ChIP-seq,EFO:0009747,WTC11,cell_line,adult,ZBTB43,encode,single,True,0.7904142737388611
1507,EFO:0009747 TF ChIP-seq ZNF121 genetically modified (insertion) using CRISPR targeting H. sapiens ZNF121,.,TF ChIP-seq,EFO:0009747,WTC11,cell_line,adult,ZNF121,encode,single,True,1.011366605758667
1508,EFO:0009747 TF ChIP-seq ZNF143 genetically modified (insertion) using CRISPR targeting H. sapiens ZNF143,.,TF ChIP-seq,EFO:0009747,WTC11,cell_line,adult,ZNF143,encode,single,True,0.7727635502815247
1509,EFO:0009747 TF ChIP-seq ZNF184 genetically modified (insertion) using CRISPR targeting H. sapiens ZNF184,.,TF ChIP-seq,EFO:0009747,WTC11,cell_line,adult,ZNF184,encode,single,True,0.9689387083053589
1510,EFO:0009747 TF ChIP-seq ZNF232 genetically modified (insertion) using CRISPR targeting H. sapiens ZNF232,.,TF ChIP-seq,EFO:0009747,WTC11,cell_line,adult,ZNF232,encode,single,True,0.9380617737770081
1511,EFO:0009747 TF ChIP-seq ZNF263 genetically modified (insertion) using CRISPR targeting H. sapiens ZNF263,.,TF ChIP-seq,EFO:0009747,WTC11,cell_line,adult,ZNF263,encode,single,True,0.8680908679962158
1512,EFO:0009747 TF ChIP-seq ZNF423 genetically modified (insertion) using CRISPR targeting H. sapiens ZNF423,.,TF ChIP-seq,EFO:0009747,WTC11,cell_line,adult,ZNF423,encode,paired,True,0.8296818733215332
1513,EFO:0030018 TF ChIP-seq Cebpa,.,TF ChIP-seq,EFO:0030018,BLaER1,cell_line,unknown,Cebpa,encode,single,False,0.9356332421302795
1514,NTR:0000493 TF ChIP-seq CTCF,.,TF ChIP-seq,NTR:0000493,left ventricle myocardium inferior,tissue,adult,CTCF,encode,single,False,0.8832361102104187
1515,NTR:0000512 TF ChIP-seq CTCF,.,TF ChIP-seq,NTR:0000512,nephron progenitor cell,in_vitro_differentiated_cells,embryonic,CTCF,encode,single,False,0.8379740118980408
1516,NTR:0001226 TF ChIP-seq CTCF,.,TF ChIP-seq,NTR:0001226,parathyroid adenoma,tissue,adult,CTCF,encode,single,False,0.7504282593727112
1517,UBERON:0000317 TF ChIP-seq CTCF,.,TF ChIP-seq,UBERON:0000317,colonic mucosa,tissue,adult,CTCF,encode,single,False,0.9057393670082092
1518,UBERON:0000473 TF ChIP-seq CTCF,.,TF ChIP-seq,UBERON:0000473,testis,tissue,adult,CTCF,encode,paired,False,0.7873856425285339
1519,UBERON:0000945 TF ChIP-seq CTCF,.,TF ChIP-seq,UBERON:0000945,stomach,tissue,adult,CTCF,encode,paired,False,0.7626453638076782
1520,UBERON:0000945 TF ChIP-seq POLR2A,.,TF ChIP-seq,UBERON:0000945,stomach,tissue,adult,POLR2A,encode,paired,False,0.7864598631858826
1521,UBERON:0000945 TF ChIP-seq POLR2AphosphoS5,.,TF ChIP-seq,UBERON:0000945,stomach,tissue,adult,POLR2AphosphoS5,encode,paired,False,0.771416962146759
1522,UBERON:0000955 TF ChIP-seq CTCF,.,TF ChIP-seq,UBERON:0000955,brain,organoid,embryonic,CTCF,encode,single,False,0.8069330453872681
1523,UBERON:0000992 TF ChIP-seq CTCF,.,TF ChIP-seq,UBERON:0000992,ovary,tissue,adult,CTCF,encode,paired,False,0.7582445740699768
1524,UBERON:0000992 TF ChIP-seq POLR2A,.,TF ChIP-seq,UBERON:0000992,ovary,tissue,adult,POLR2A,encode,paired,False,0.8165345191955566
1525,UBERON:0000995 TF ChIP-seq CTCF,.,TF ChIP-seq,UBERON:0000995,uterus,tissue,adult,CTCF,encode,paired,False,0.771110475063324
1526,UBERON:0000995 TF ChIP-seq POLR2A,.,TF ChIP-seq,UBERON:0000995,uterus,tissue,adult,POLR2A,encode,paired,False,0.7721084356307983
1527,UBERON:0000996 TF ChIP-seq CTCF,.,TF ChIP-seq,UBERON:0000996,vagina,tissue,adult,CTCF,encode,paired,False,0.8318383097648621
1528,UBERON:0000996 TF ChIP-seq POLR2A,.,TF ChIP-seq,UBERON:0000996,vagina,tissue,adult,POLR2A,encode,paired,False,0.964464545249939
1529,UBERON:0000996 TF ChIP-seq POLR2AphosphoS5,.,TF ChIP-seq,UBERON:0000996,vagina,tissue,adult,POLR2AphosphoS5,encode,paired,False,1.2727644443511963
1530,UBERON:0001114 TF ChIP-seq CTCF,.,TF ChIP-seq,UBERON:0001114,right lobe of liver,tissue,adult,CTCF,encode,paired,False,0.9131947159767151
1531,UBERON:0001114 TF ChIP-seq POLR2A,.,TF ChIP-seq,UBERON:0001114,right lobe of liver,tissue,adult,POLR2A,encode,paired,False,0.8642057776451111
1532,UBERON:0001150 TF ChIP-seq CTCF,.,TF ChIP-seq,UBERON:0001150,body of pancreas,tissue,adult,CTCF,encode,paired,False,0.633335530757904
1533,UBERON:0001150 TF ChIP-seq POLR2A,.,TF ChIP-seq,UBERON:0001150,body of pancreas,tissue,adult,POLR2A,encode,paired,False,0.6484247446060181
1534,UBERON:0001157 TF ChIP-seq CTCF,.,TF ChIP-seq,UBERON:0001157,transverse colon,tissue,adult,CTCF,encode,paired,False,0.7121732234954834
1535,UBERON:0001157 TF ChIP-seq EP300,.,TF ChIP-seq,UBERON:0001157,transverse colon,tissue,adult,EP300,encode,paired,False,1.2841821908950806
1536,UBERON:0001157 TF ChIP-seq POLR2A,.,TF ChIP-seq,UBERON:0001157,transverse colon,tissue,adult,POLR2A,encode,paired,False,0.7271764874458313
1537,UBERON:0001157 TF ChIP-seq POLR2AphosphoS5,.,TF ChIP-seq,UBERON:0001157,transverse colon,tissue,adult,POLR2AphosphoS5,encode,paired,False,0.7033071517944336
1538,UBERON:0001159 TF ChIP-seq CTCF,.,TF ChIP-seq,UBERON:0001159,sigmoid colon,tissue,adult,CTCF,encode,paired,False,0.7886322140693665
1539,UBERON:0001159 TF ChIP-seq EP300,.,TF ChIP-seq,UBERON:0001159,sigmoid colon,tissue,adult,EP300,encode,paired,False,0.7754862308502197
1540,UBERON:0001159 TF ChIP-seq POLR2A,.,TF ChIP-seq,UBERON:0001159,sigmoid colon,tissue,adult,POLR2A,encode,paired,False,0.7840871214866638
1541,UBERON:0001159 TF ChIP-seq POLR2AphosphoS5,.,TF ChIP-seq,UBERON:0001159,sigmoid colon,tissue,adult,POLR2AphosphoS5,encode,paired,False,0.6263894438743591
1542,UBERON:0001211 TF ChIP-seq CTCF,.,TF ChIP-seq,UBERON:0001211,Peyer's patch,tissue,adult,CTCF,encode,paired,False,0.7081467509269714
1543,UBERON:0001211 TF ChIP-seq POLR2A,.,TF ChIP-seq,UBERON:0001211,Peyer's patch,tissue,adult,POLR2A,encode,paired,False,0.7387370467185974
1544,UBERON:0001264 TF ChIP-seq CTCF,.,TF ChIP-seq,UBERON:0001264,pancreas,tissue,adult,CTCF,encode,single,False,0.8030033707618713
1545,UBERON:0001285 TF ChIP-seq CTCF,.,TF ChIP-seq,UBERON:0001285,nephron,organoid,embryonic,CTCF,encode,single,False,0.7706100940704346
1546,UBERON:0001323 TF ChIP-seq CTCF,.,TF ChIP-seq,UBERON:0001323,tibial nerve,tissue,adult,CTCF,encode,paired,False,0.6935438513755798
1547,UBERON:0001323 TF ChIP-seq EP300,.,TF ChIP-seq,UBERON:0001323,tibial nerve,tissue,adult,EP300,encode,paired,False,0.7660417556762695
1548,UBERON:0001323 TF ChIP-seq POLR2A,.,TF ChIP-seq,UBERON:0001323,tibial nerve,tissue,adult,POLR2A,encode,paired,False,0.792539656162262
1549,UBERON:0001496 TF ChIP-seq CTCF,.,TF ChIP-seq,UBERON:0001496,ascending aorta,tissue,adult,CTCF,encode,paired,False,0.900669515132904
1550,UBERON:0001515 TF ChIP-seq CTCF,.,TF ChIP-seq,UBERON:0001515,thoracic aorta,tissue,adult,CTCF,encode,single,False,0.9554325342178345
1551,UBERON:0001621 TF ChIP-seq CTCF,.,TF ChIP-seq,UBERON:0001621,coronary artery,tissue,adult,CTCF,encode,single,False,0.9447802305221558
1552,UBERON:0001987 TF ChIP-seq CTCF,.,TF ChIP-seq,UBERON:0001987,placenta,tissue,embryonic,CTCF,encode,single,False,0.7866734266281128
1553,UBERON:0002046 TF ChIP-seq CTCF,.,TF ChIP-seq,UBERON:0002046,thyroid gland,tissue,adult,CTCF,encode,paired,False,0.6934561133384705
1554,UBERON:0002046 TF ChIP-seq POLR2A,.,TF ChIP-seq,UBERON:0002046,thyroid gland,tissue,adult,POLR2A,encode,paired,False,0.8287394046783447
1555,UBERON:0002080 TF ChIP-seq CTCF,.,TF ChIP-seq,UBERON:0002080,heart right ventricle,tissue,adult,CTCF,encode,single,False,0.7694967985153198
1556,UBERON:0002084 TF ChIP-seq CTCF,.,TF ChIP-seq,UBERON:0002084,heart left ventricle,tissue,adult,CTCF,encode,single,False,0.7588516473770142
1557,UBERON:0002084 TF ChIP-seq POLR2A,.,TF ChIP-seq,UBERON:0002084,heart left ventricle,tissue,adult,POLR2A,encode,paired,False,1.0073192119598389
1558,UBERON:0002106 TF ChIP-seq CTCF,.,TF ChIP-seq,UBERON:0002106,spleen,tissue,adult,CTCF,encode,paired,False,0.7327548265457153
1559,UBERON:0002106 TF ChIP-seq POLR2A,.,TF ChIP-seq,UBERON:0002106,spleen,tissue,adult,POLR2A,encode,paired,False,0.8179008960723877
1560,UBERON:0002106 TF ChIP-seq POLR2AphosphoS5,.,TF ChIP-seq,UBERON:0002106,spleen,tissue,adult,POLR2AphosphoS5,encode,paired,False,0.8303864002227783
1561,UBERON:0002107 TF ChIP-seq ATF3,.,TF ChIP-seq,UBERON:0002107,liver,tissue,adult,ATF3,encode,single,False,0.8291417360305786
1562,UBERON:0002107 TF ChIP-seq CTCF,.,TF ChIP-seq,UBERON:0002107,liver,tissue,"child,adult",CTCF,encode,single,False,0.9286914467811584
1563,UBERON:0002107 TF ChIP-seq EGR1,.,TF ChIP-seq,UBERON:0002107,liver,tissue,adult,EGR1,encode,single,False,0.9185616374015808
1564,UBERON:0002107 TF ChIP-seq FOXA1,.,TF ChIP-seq,UBERON:0002107,liver,tissue,adult,FOXA1,encode,single,False,0.9144059419631958
1565,UBERON:0002107 TF ChIP-seq FOXA2,.,TF ChIP-seq,UBERON:0002107,liver,tissue,adult,FOXA2,encode,single,False,0.8166743516921997
1566,UBERON:0002107 TF ChIP-seq GABPA,.,TF ChIP-seq,UBERON:0002107,liver,tissue,adult,GABPA,encode,single,False,0.7945700287818909
1567,UBERON:0002107 TF ChIP-seq HNF4A,.,TF ChIP-seq,UBERON:0002107,liver,tissue,adult,HNF4A,encode,single,False,0.7481765151023865
1568,UBERON:0002107 TF ChIP-seq HNF4G,.,TF ChIP-seq,UBERON:0002107,liver,tissue,child,HNF4G,encode,single,False,0.8060025572776794
1569,UBERON:0002107 TF ChIP-seq JUND,.,TF ChIP-seq,UBERON:0002107,liver,tissue,adult,JUND,encode,single,False,0.8162035346031189
1570,UBERON:0002107 TF ChIP-seq MAX,.,TF ChIP-seq,UBERON:0002107,liver,tissue,adult,MAX,encode,single,False,0.7345631718635559
1571,UBERON:0002107 TF ChIP-seq NR2F2,.,TF ChIP-seq,UBERON:0002107,liver,tissue,adult,NR2F2,encode,single,False,0.843869686126709
1572,UBERON:0002107 TF ChIP-seq RAD21,.,TF ChIP-seq,UBERON:0002107,liver,tissue,adult,RAD21,encode,single,False,0.6999995112419128
1573,UBERON:0002107 TF ChIP-seq REST,.,TF ChIP-seq,UBERON:0002107,liver,tissue,adult,REST,encode,single,False,0.8216601610183716
1574,UBERON:0002107 TF ChIP-seq RXRA,.,TF ChIP-seq,UBERON:0002107,liver,tissue,adult,RXRA,encode,single,False,0.723956286907196
1575,UBERON:0002107 TF ChIP-seq SP1,.,TF ChIP-seq,UBERON:0002107,liver,tissue,adult,SP1,encode,single,False,0.7119137644767761
1576,UBERON:0002107 TF ChIP-seq TAF1,.,TF ChIP-seq,UBERON:0002107,liver,tissue,child,TAF1,encode,single,False,0.8605258464813232
1577,UBERON:0002107 TF ChIP-seq YY1,.,TF ChIP-seq,UBERON:0002107,liver,tissue,adult,YY1,encode,single,False,0.7411702275276184
1578,UBERON:0002107 TF ChIP-seq ZBTB33,.,TF ChIP-seq,UBERON:0002107,liver,tissue,adult,ZBTB33,encode,single,False,0.781875729560852
1579,UBERON:0002168 TF ChIP-seq CTCF,.,TF ChIP-seq,UBERON:0002168,left lung,tissue,adult,CTCF,encode,single,False,0.8585008978843689
1580,UBERON:0002170 TF ChIP-seq CTCF,.,TF ChIP-seq,UBERON:0002170,upper lobe of right lung,tissue,adult,CTCF,encode,single,False,0.872957706451416
1581,UBERON:0002171 TF ChIP-seq CTCF,.,TF ChIP-seq,UBERON:0002171,lower lobe of right lung,tissue,adult,CTCF,encode,single,False,0.9048076272010803
1582,UBERON:0002367 TF ChIP-seq CTCF,.,TF ChIP-seq,UBERON:0002367,prostate gland,tissue,adult,CTCF,encode,paired,False,0.7694512009620667
1583,UBERON:0002367 TF ChIP-seq POLR2A,.,TF ChIP-seq,UBERON:0002367,prostate gland,tissue,adult,POLR2A,encode,paired,False,0.8025744557380676
1584,UBERON:0002367 TF ChIP-seq POLR2AphosphoS5,.,TF ChIP-seq,UBERON:0002367,prostate gland,tissue,adult,POLR2AphosphoS5,encode,paired,False,0.7898870706558228
1585,UBERON:0002369 TF ChIP-seq CTCF,.,TF ChIP-seq,UBERON:0002369,adrenal gland,tissue,adult,CTCF,encode,paired,False,0.6967421174049377
1586,UBERON:0002369 TF ChIP-seq POLR2A,.,TF ChIP-seq,UBERON:0002369,adrenal gland,tissue,adult,POLR2A,encode,paired,False,0.7263386249542236
1587,UBERON:0004264 TF ChIP-seq CTCF,.,TF ChIP-seq,UBERON:0004264,lower leg skin,tissue,adult,CTCF,encode,paired,False,0.7847298383712769
1588,UBERON:0004264 TF ChIP-seq POLR2A,.,TF ChIP-seq,UBERON:0004264,lower leg skin,tissue,adult,POLR2A,encode,paired,False,1.0131124258041382
1589,UBERON:0004550 TF ChIP-seq CTCF,.,TF ChIP-seq,UBERON:0004550,gastroesophageal sphincter,tissue,adult,CTCF,encode,paired,False,0.823535144329071
1590,UBERON:0004550 TF ChIP-seq EP300,.,TF ChIP-seq,UBERON:0004550,gastroesophageal sphincter,tissue,adult,EP300,encode,paired,False,1.166675090789795
1591,UBERON:0004550 TF ChIP-seq POLR2A,.,TF ChIP-seq,UBERON:0004550,gastroesophageal sphincter,tissue,adult,POLR2A,encode,paired,False,0.7530485391616821
1592,UBERON:0004550 TF ChIP-seq POLR2AphosphoS5,.,TF ChIP-seq,UBERON:0004550,gastroesophageal sphincter,tissue,adult,POLR2AphosphoS5,encode,paired,False,1.3049920797348022
1593,UBERON:0004648 TF ChIP-seq CTCF,.,TF ChIP-seq,UBERON:0004648,esophagus muscularis mucosa,tissue,adult,CTCF,encode,paired,False,0.7832911610603333
1594,UBERON:0004648 TF ChIP-seq POLR2A,.,TF ChIP-seq,UBERON:0004648,esophagus muscularis mucosa,tissue,adult,POLR2A,encode,paired,False,1.0356718301773071
1595,UBERON:0004648 TF ChIP-seq POLR2AphosphoS5,.,TF ChIP-seq,UBERON:0004648,esophagus muscularis mucosa,tissue,adult,POLR2AphosphoS5,encode,paired,False,0.6784900426864624
1596,UBERON:0004992 TF ChIP-seq CTCF,.,TF ChIP-seq,UBERON:0004992,mucosa of descending colon,tissue,adult,CTCF,encode,single,False,0.9853171110153198
1597,UBERON:0006631 TF ChIP-seq CTCF,.,TF ChIP-seq,UBERON:0006631,right atrium auricular region,tissue,adult,CTCF,encode,single,False,0.8300953507423401
1598,UBERON:0006920 TF ChIP-seq CTCF,.,TF ChIP-seq,UBERON:0006920,esophagus squamous epithelium,tissue,adult,CTCF,encode,paired,False,0.7643803954124451
1599,UBERON:0006920 TF ChIP-seq POLR2A,.,TF ChIP-seq,UBERON:0006920,esophagus squamous epithelium,tissue,adult,POLR2A,encode,paired,False,0.7627233862876892
1600,UBERON:0007610 TF ChIP-seq CTCF,.,TF ChIP-seq,UBERON:0007610,tibial artery,tissue,adult,CTCF,encode,paired,False,1.0073471069335938
1601,UBERON:0008367 TF ChIP-seq CTCF,.,TF ChIP-seq,UBERON:0008367,breast epithelium,tissue,adult,CTCF,encode,paired,False,0.788176953792572
1602,UBERON:0008367 TF ChIP-seq POLR2A,.,TF ChIP-seq,UBERON:0008367,breast epithelium,tissue,adult,POLR2A,encode,paired,False,0.8360593318939209
1603,UBERON:0008367 TF ChIP-seq POLR2AphosphoS5,.,TF ChIP-seq,UBERON:0008367,breast epithelium,tissue,adult,POLR2AphosphoS5,encode,paired,False,0.8178426623344421
1604,UBERON:0008450 TF ChIP-seq CTCF,.,TF ChIP-seq,UBERON:0008450,psoas muscle,tissue,adult,CTCF,encode,single,False,1.0725865364074707
1605,UBERON:0008952 TF ChIP-seq CTCF,.,TF ChIP-seq,UBERON:0008952,upper lobe of left lung,tissue,adult,CTCF,encode,paired,False,0.7110802531242371
1606,UBERON:0008952 TF ChIP-seq EP300,.,TF ChIP-seq,UBERON:0008952,upper lobe of left lung,tissue,adult,EP300,encode,paired,False,0.7667781710624695
1607,UBERON:0008952 TF ChIP-seq POLR2A,.,TF ChIP-seq,UBERON:0008952,upper lobe of left lung,tissue,adult,POLR2A,encode,paired,False,0.7265744805335999
1608,UBERON:0008952 TF ChIP-seq POLR2AphosphoS5,.,TF ChIP-seq,UBERON:0008952,upper lobe of left lung,tissue,adult,POLR2AphosphoS5,encode,paired,False,0.8310160636901855
1609,UBERON:0008953 TF ChIP-seq CTCF,.,TF ChIP-seq,UBERON:0008953,lower lobe of left lung,tissue,adult,CTCF,encode,single,False,0.8122490644454956
1610,UBERON:0009834 TF ChIP-seq CTCF,.,TF ChIP-seq,UBERON:0009834,dorsolateral prefrontal cortex,tissue,adult,CTCF,encode,single,False,0.7808154821395874
1611,UBERON:0010414 TF ChIP-seq CTCF,.,TF ChIP-seq,UBERON:0010414,omental fat pad,tissue,adult,CTCF,encode,paired,False,0.8262284398078918
1612,UBERON:0011907 TF ChIP-seq CTCF,.,TF ChIP-seq,UBERON:0011907,gastrocnemius medialis,tissue,adult,CTCF,encode,paired,False,0.7411857843399048
1613,UBERON:0011907 TF ChIP-seq POLR2A,.,TF ChIP-seq,UBERON:0011907,gastrocnemius medialis,tissue,adult,POLR2A,encode,paired,False,0.6961440443992615
1614,UBERON:0036149 TF ChIP-seq CTCF,.,TF ChIP-seq,UBERON:0036149,suprapubic skin,tissue,adult,CTCF,encode,paired,False,0.7931932210922241
1615,UBERON:0036149 TF ChIP-seq POLR2A,.,TF ChIP-seq,UBERON:0036149,suprapubic skin,tissue,adult,POLR2A,encode,paired,False,0.898074746131897
1616,UBERON:0036149 TF ChIP-seq POLR2AphosphoS5,.,TF ChIP-seq,UBERON:0036149,suprapubic skin,tissue,adult,POLR2AphosphoS5,encode,paired,False,0.8308342099189758
